record_id,year,edition,problem_letter,team_id,problem_title,paper_title,document_type,source_url,host,repository,commit_ref,filename,size_bytes,blob_sha,award_claim_raw,award_tier_normalized,verification_status,verification_secondary_url,match_key,corpus_layer,year_letter_stratum,archetype_tag,selection_rule,deep_review,license_notes
2022-A22100070190,2022,19,A,A22100070190,移动场景超分辨定位问题,移动场景超分辨定位问题,full-paper-pdf,https://github.com/zhanwen/MathModel/blob/master/%E5%9B%BD%E8%B5%9B%E8%AE%BA%E6%96%87/2022%E5%B9%B4%E4%BC%98%E7%A7%80%E8%AE%BA%E6%96%87/A/A22100070190.pdf,github.com,zhanwen/MathModel,master,A22100070190.pdf,2271011,4a5be81b64e70d92f00df51756acfa207fcaf046,一等奖,first,team-id-matched,https://github.com/lcpmgh/CPMCM-Awards/tree/master/awardlist,A22100070190,full-paper-core,2022-A,signal-inverse,census+stratified-4-per-year-letter-seed-20260829,yes,third-party mirror; do not redistribute; local cache only
2022-A22100130054,2022,19,A,A22100130054,移动场景超分辨定位问题,基于压缩感知的快速超分辨率雷达定位与追踪算法,full-paper-pdf,https://github.com/zhanwen/MathModel/blob/master/%E5%9B%BD%E8%B5%9B%E8%AE%BA%E6%96%87/2022%E5%B9%B4%E4%BC%98%E7%A7%80%E8%AE%BA%E6%96%87/A/A22100130054.pdf,github.com,zhanwen/MathModel,master,A22100130054.pdf,1458046,1b9066fecf8c64acf12e4a8eebc1dc589745aa24,一等奖,first,team-id-matched,https://github.com/lcpmgh/CPMCM-Awards/tree/master/awardlist,A22100130054,full-paper-core,2022-A,signal-inverse,census+stratified-4-per-year-letter-seed-20260829,yes,third-party mirror; do not redistribute; local cache only
2022-A22102460007,2022,19,A,A22102460007,移动场景超分辨定位问题,移动场景超分辨定位问题,full-paper-pdf,https://github.com/zhanwen/MathModel/blob/master/%E5%9B%BD%E8%B5%9B%E8%AE%BA%E6%96%87/2022%E5%B9%B4%E4%BC%98%E7%A7%80%E8%AE%BA%E6%96%87/A/A22102460007.pdf,github.com,zhanwen/MathModel,master,A22102460007.pdf,5244338,1121906f515841f58d9e2ccafc603e905878ce1a,一等奖,first,team-id-matched,https://github.com/lcpmgh/CPMCM-Awards/tree/master/awardlist,A22102460007,full-paper-core,2022-A,signal-inverse,census-of-github-folder-crosschecked-against-award-csv,no,third-party mirror; do not redistribute; local cache only
2022-A22103040090,2022,19,A,A22103040090,移动场景超分辨定位问题,移动场景超分辨定位问题,full-paper-pdf,https://github.com/zhanwen/MathModel/blob/master/%E5%9B%BD%E8%B5%9B%E8%AE%BA%E6%96%87/2022%E5%B9%B4%E4%BC%98%E7%A7%80%E8%AE%BA%E6%96%87/A/A22103040090.pdf,github.com,zhanwen/MathModel,master,A22103040090.pdf,10392119,e70d830174efd12a2d42cb3411e744d01ddb5a17,一等奖,first,team-id-matched,https://github.com/lcpmgh/CPMCM-Awards/tree/master/awardlist,A22103040090,full-paper-core,2022-A,signal-inverse,census-of-github-folder-crosschecked-against-award-csv,no,third-party mirror; do not redistribute; local cache only
2022-A22104860055,2022,19,A,A22104860055,移动场景超分辨定位问题,移动场景超分辨定位问题,full-paper-pdf,https://github.com/zhanwen/MathModel/blob/master/%E5%9B%BD%E8%B5%9B%E8%AE%BA%E6%96%87/2022%E5%B9%B4%E4%BC%98%E7%A7%80%E8%AE%BA%E6%96%87/A/A22104860055.pdf,github.com,zhanwen/MathModel,master,A22104860055.pdf,2550503,238daeab23348ff049cd98f04ac5c090002f8676,一等奖,first,team-id-matched,https://github.com/lcpmgh/CPMCM-Awards/tree/master/awardlist,A22104860055,full-paper-core,2022-A,signal-inverse,census-of-github-folder-crosschecked-against-award-csv,no,third-party mirror; do not redistribute; local cache only
2022-A22107010047,2022,19,A,A22107010047,移动场景超分辨定位问题,移动场景下MIMO 毫米波雷达超分辨定位问题求解,full-paper-pdf,https://github.com/zhanwen/MathModel/blob/master/%E5%9B%BD%E8%B5%9B%E8%AE%BA%E6%96%87/2022%E5%B9%B4%E4%BC%98%E7%A7%80%E8%AE%BA%E6%96%87/A/A22107010047.pdf,github.com,zhanwen/MathModel,master,A22107010047.pdf,3171608,8d95d6d51f927ade7a6bd0e48abfcfff93f364eb,一等奖,first,team-id-matched,https://github.com/lcpmgh/CPMCM-Awards/tree/master/awardlist,A22107010047,full-paper-core,2022-A,signal-inverse,census+stratified-4-per-year-letter-seed-20260829,yes,third-party mirror; do not redistribute; local cache only
2022-A22116460175,2022,19,A,A22116460175,移动场景超分辨定位问题,移动场景超分辨定位问题,full-paper-pdf,https://github.com/zhanwen/MathModel/blob/master/%E5%9B%BD%E8%B5%9B%E8%AE%BA%E6%96%87/2022%E5%B9%B4%E4%BC%98%E7%A7%80%E8%AE%BA%E6%96%87/A/A22116460175.pdf,github.com,zhanwen/MathModel,master,A22116460175.pdf,1181456,dcb8d6e7ee168a9e70f99b9f6af693fbaeb742ce,一等奖,first,team-id-matched,https://github.com/lcpmgh/CPMCM-Awards/tree/master/awardlist,A22116460175,full-paper-core,2022-A,signal-inverse,census+stratified-4-per-year-letter-seed-20260829,yes,third-party mirror; do not redistribute; local cache only
2022-B22100070171,2022,19,B,B22100070171,方形件组批优化问题,方形件组批优化问题,full-paper-pdf,https://github.com/zhanwen/MathModel/blob/master/%E5%9B%BD%E8%B5%9B%E8%AE%BA%E6%96%87/2022%E5%B9%B4%E4%BC%98%E7%A7%80%E8%AE%BA%E6%96%87/B/B22100070171.pdf,github.com,zhanwen/MathModel,master,B22100070171.pdf,6873926,5ed9f17d30d38b00c8fdd506b778a5c64835fdaf,一等奖,first,team-id-matched,https://github.com/lcpmgh/CPMCM-Awards/tree/master/awardlist,B22100070171,full-paper-core,2022-B,scheduling-allocation,census-of-github-folder-crosschecked-against-award-csv,no,third-party mirror; do not redistribute; local cache only
2022-B22102860210,2022,19,B,B22102860210,方形件组批优化问题,方形件组批优化问题,full-paper-pdf,https://github.com/zhanwen/MathModel/blob/master/%E5%9B%BD%E8%B5%9B%E8%AE%BA%E6%96%87/2022%E5%B9%B4%E4%BC%98%E7%A7%80%E8%AE%BA%E6%96%87/B/B22102860210.pdf,github.com,zhanwen/MathModel,master,B22102860210.pdf,16502595,7c15d8b0f3c0d9992ebefeb179cdbbf35658ee72,一等奖,first,team-id-matched,https://github.com/lcpmgh/CPMCM-Awards/tree/master/awardlist,B22102860210,full-paper-core,2022-B,scheduling-allocation,census-of-github-folder-crosschecked-against-award-csv,no,third-party mirror; do not redistribute; local cache only
2022-B22103360018,2022,19,B,B22103360018,方形件组批优化问题,基于整数规划的组批和下料优化问题研究,full-paper-pdf,https://github.com/zhanwen/MathModel/blob/master/%E5%9B%BD%E8%B5%9B%E8%AE%BA%E6%96%87/2022%E5%B9%B4%E4%BC%98%E7%A7%80%E8%AE%BA%E6%96%87/B/B22103360018.pdf,github.com,zhanwen/MathModel,master,B22103360018.pdf,2584063,fda8b1bc4e403e9e48de7465e31d7b66109fd680,一等奖,first,team-id-matched,https://github.com/lcpmgh/CPMCM-Awards/tree/master/awardlist,B22103360018,full-paper-core,2022-B,scheduling-allocation,census+stratified-4-per-year-letter-seed-20260829,yes,third-party mirror; do not redistribute; local cache only
2022-B22104870143,2022,19,B,B22104870143,方形件组批优化问题,基于整数规划的方形件排样和组批优化问题研究,full-paper-pdf,https://github.com/zhanwen/MathModel/blob/master/%E5%9B%BD%E8%B5%9B%E8%AE%BA%E6%96%87/2022%E5%B9%B4%E4%BC%98%E7%A7%80%E8%AE%BA%E6%96%87/B/B22104870143.pdf,github.com,zhanwen/MathModel,master,B22104870143.pdf,3181360,cb12ce5b39a3c674aed2ccf27629350a51bfdc79,一等奖,first,team-id-matched,https://github.com/lcpmgh/CPMCM-Awards/tree/master/awardlist,B22104870143,full-paper-core,2022-B,scheduling-allocation,census+stratified-4-per-year-letter-seed-20260829,yes,third-party mirror; do not redistribute; local cache only
2022-B22105300030,2022,19,B,B22105300030,方形件组批优化问题,方形件组批优化问题研究,full-paper-pdf,https://github.com/zhanwen/MathModel/blob/master/%E5%9B%BD%E8%B5%9B%E8%AE%BA%E6%96%87/2022%E5%B9%B4%E4%BC%98%E7%A7%80%E8%AE%BA%E6%96%87/B/B22105300030.pdf,github.com,zhanwen/MathModel,master,B22105300030.pdf,3789713,3c5a1acc63101a2df36a06a7859cfbbb950f9a13,一等奖,first,team-id-matched,https://github.com/lcpmgh/CPMCM-Awards/tree/master/awardlist,B22105300030,full-paper-core,2022-B,scheduling-allocation,census+stratified-4-per-year-letter-seed-20260829,yes,third-party mirror; do not redistribute; local cache only
2022-B22106140009,2022,19,B,B22106140009,方形件组批优化问题,方形件组批优化问题,full-paper-pdf,https://github.com/zhanwen/MathModel/blob/master/%E5%9B%BD%E8%B5%9B%E8%AE%BA%E6%96%87/2022%E5%B9%B4%E4%BC%98%E7%A7%80%E8%AE%BA%E6%96%87/B/B22106140009.pdf,github.com,zhanwen/MathModel,master,B22106140009.pdf,1759750,09a89e2c6a0aeabc136c6d0fca661925d1832566,一等奖,first,team-id-matched,https://github.com/lcpmgh/CPMCM-Awards/tree/master/awardlist,B22106140009,full-paper-core,2022-B,scheduling-allocation,census-of-github-folder-crosschecked-against-award-csv,no,third-party mirror; do not redistribute; local cache only
2022-B22110490001,2022,19,B,B22110490001,方形件组批优化问题,方形件组批优化问题,full-paper-pdf,https://github.com/zhanwen/MathModel/blob/master/%E5%9B%BD%E8%B5%9B%E8%AE%BA%E6%96%87/2022%E5%B9%B4%E4%BC%98%E7%A7%80%E8%AE%BA%E6%96%87/B/B22110490001.pdf,github.com,zhanwen/MathModel,master,B22110490001.pdf,1561781,a65d92ffa3a3c60b64d7f24ff79a353cfd159d04,一等奖,first,team-id-matched,https://github.com/lcpmgh/CPMCM-Awards/tree/master/awardlist,B22110490001,full-paper-core,2022-B,scheduling-allocation,census+stratified-4-per-year-letter-seed-20260829,yes,third-party mirror; do not redistribute; local cache only
2022-C22103190082,2022,19,C,C22103190082,汽车制造涂装-总装缓存调序区调度优化问题,汽车制造涂装-总装缓存调序区调度优化研究,full-paper-pdf,https://github.com/zhanwen/MathModel/blob/master/%E5%9B%BD%E8%B5%9B%E8%AE%BA%E6%96%87/2022%E5%B9%B4%E4%BC%98%E7%A7%80%E8%AE%BA%E6%96%87/C/C22103190082.pdf,github.com,zhanwen/MathModel,master,C22103190082.pdf,2370799,f1c42c51bbf843b987af74d3efea55785660d428,一等奖,first,team-id-matched,https://github.com/lcpmgh/CPMCM-Awards/tree/master/awardlist,C22103190082,full-paper-core,2022-C,scheduling-allocation,census+stratified-4-per-year-letter-seed-20260829,yes,third-party mirror; do not redistribute; local cache only
2022-C22103360057,2022,19,C,C22103360057,汽车制造涂装-总装缓存调序区调度优化问题,汽车制造涂装-总装缓存调序区调度优化问题,full-paper-pdf,https://github.com/zhanwen/MathModel/blob/master/%E5%9B%BD%E8%B5%9B%E8%AE%BA%E6%96%87/2022%E5%B9%B4%E4%BC%98%E7%A7%80%E8%AE%BA%E6%96%87/C/C22103360057.pdf,github.com,zhanwen/MathModel,master,C22103360057.pdf,2146131,ffad7917917cb2a12f602a412847390c9d992107,一等奖,first,team-id-matched,https://github.com/lcpmgh/CPMCM-Awards/tree/master/awardlist,C22103360057,full-paper-core,2022-C,scheduling-allocation,census-of-github-folder-crosschecked-against-award-csv,no,third-party mirror; do not redistribute; local cache only
2022-C22103560098,2022,19,C,C22103560098,汽车制造涂装-总装缓存调序区调度优化问题,基于动态规划的PBS 多目标优化调度问题研究,full-paper-pdf,https://github.com/zhanwen/MathModel/blob/master/%E5%9B%BD%E8%B5%9B%E8%AE%BA%E6%96%87/2022%E5%B9%B4%E4%BC%98%E7%A7%80%E8%AE%BA%E6%96%87/C/C22103560098.pdf,github.com,zhanwen/MathModel,master,C22103560098.pdf,1094236,fb82e4299e3fa41c6ab4f9ea4d026ad453055da3,一等奖,first,team-id-matched,https://github.com/lcpmgh/CPMCM-Awards/tree/master/awardlist,C22103560098,full-paper-core,2022-C,scheduling-allocation,census+stratified-4-per-year-letter-seed-20260829,yes,third-party mirror; do not redistribute; local cache only
2022-C22105330245,2022,19,C,C22105330245,汽车制造涂装-总装缓存调序区调度优化问题,汽车制造涂装-总装缓存调序区调度优化问题,full-paper-pdf,https://github.com/zhanwen/MathModel/blob/master/%E5%9B%BD%E8%B5%9B%E8%AE%BA%E6%96%87/2022%E5%B9%B4%E4%BC%98%E7%A7%80%E8%AE%BA%E6%96%87/C/C22105330245.pdf,github.com,zhanwen/MathModel,master,C22105330245.pdf,2581721,00ecab39f7da337859ac5154b153f3a804df5817,一等奖,first,team-id-matched,https://github.com/lcpmgh/CPMCM-Awards/tree/master/awardlist,C22105330245,full-paper-core,2022-C,scheduling-allocation,census-of-github-folder-crosschecked-against-award-csv,no,third-party mirror; do not redistribute; local cache only
2022-C22105930028,2022,19,C,C22105930028,汽车制造涂装-总装缓存调序区调度优化问题,汽车制造涂装-总装缓存调序区调度优化问题,full-paper-pdf,https://github.com/zhanwen/MathModel/blob/master/%E5%9B%BD%E8%B5%9B%E8%AE%BA%E6%96%87/2022%E5%B9%B4%E4%BC%98%E7%A7%80%E8%AE%BA%E6%96%87/C/C22105930028.pdf,github.com,zhanwen/MathModel,master,C22105930028.pdf,978801,4c453087b0eff9004c3960e42cd410dfb18bd612,一等奖,first,team-id-matched,https://github.com/lcpmgh/CPMCM-Awards/tree/master/awardlist,C22105930028,full-paper-core,2022-C,scheduling-allocation,census+stratified-4-per-year-letter-seed-20260829,yes,third-party mirror; do not redistribute; local cache only
2022-C22106130232,2022,19,C,C22106130232,汽车制造涂装-总装缓存调序区调度优化问题,汽车制造涂装-总装缓存调序区调度优化问题,full-paper-pdf,https://github.com/zhanwen/MathModel/blob/master/%E5%9B%BD%E8%B5%9B%E8%AE%BA%E6%96%87/2022%E5%B9%B4%E4%BC%98%E7%A7%80%E8%AE%BA%E6%96%87/C/C22106130232.pdf,github.com,zhanwen/MathModel,master,C22106130232.pdf,1916405,665631f5dc94abe7036a7c968bbb4bfeb8a29fdb,一等奖,first,team-id-matched,https://github.com/lcpmgh/CPMCM-Awards/tree/master/awardlist,C22106130232,full-paper-core,2022-C,scheduling-allocation,census-of-github-folder-crosschecked-against-award-csv,no,third-party mirror; do not redistribute; local cache only
2022-C22106140003,2022,19,C,C22106140003,汽车制造涂装-总装缓存调序区调度优化问题,汽车制造涂装-总装缓存调序区调度优化问题,full-paper-pdf,https://github.com/zhanwen/MathModel/blob/master/%E5%9B%BD%E8%B5%9B%E8%AE%BA%E6%96%87/2022%E5%B9%B4%E4%BC%98%E7%A7%80%E8%AE%BA%E6%96%87/C/C22106140003.pdf,github.com,zhanwen/MathModel,master,C22106140003.pdf,1519988,8fc9309b7b1618f8d08ffd4bd6546ca307a66782,一等奖,first,team-id-matched,https://github.com/lcpmgh/CPMCM-Awards/tree/master/awardlist,C22106140003,full-paper-core,2022-C,scheduling-allocation,census+stratified-4-per-year-letter-seed-20260829,yes,third-party mirror; do not redistribute; local cache only
2022-D22102920026,2022,19,D,D22102920026,PISA架构芯片资源排布问题,PISA架构芯片资源排布问题,full-paper-pdf,https://github.com/zhanwen/MathModel/blob/master/%E5%9B%BD%E8%B5%9B%E8%AE%BA%E6%96%87/2022%E5%B9%B4%E4%BC%98%E7%A7%80%E8%AE%BA%E6%96%87/D/D22102920026.pdf,github.com,zhanwen/MathModel,master,D22102920026.pdf,1472009,0e09038ddf78cc6d9e83eb45f6141e5fb88e0166,一等奖,first,team-id-matched,https://github.com/lcpmgh/CPMCM-Awards/tree/master/awardlist,D22102920026,full-paper-core,2022-D,scheduling-allocation,census-of-github-folder-crosschecked-against-award-csv,no,third-party mirror; do not redistribute; local cache only
2022-D22102930009,2022,19,D,D22102930009,PISA架构芯片资源排布问题,PISA 架构芯片资源排布问题,full-paper-pdf,https://github.com/zhanwen/MathModel/blob/master/%E5%9B%BD%E8%B5%9B%E8%AE%BA%E6%96%87/2022%E5%B9%B4%E4%BC%98%E7%A7%80%E8%AE%BA%E6%96%87/D/D22102930009.pdf,github.com,zhanwen/MathModel,master,D22102930009.pdf,2148989,c6f2071cca8f385bd089330aef78d75c712a509c,一等奖,first,team-id-matched,https://github.com/lcpmgh/CPMCM-Awards/tree/master/awardlist,D22102930009,full-paper-core,2022-D,scheduling-allocation,census+stratified-4-per-year-letter-seed-20260829,yes,third-party mirror; do not redistribute; local cache only
2022-D22103360092,2022,19,D,D22103360092,PISA架构芯片资源排布问题,多约束条件下 PISA 架构芯片资源排布规划,full-paper-pdf,https://github.com/zhanwen/MathModel/blob/master/%E5%9B%BD%E8%B5%9B%E8%AE%BA%E6%96%87/2022%E5%B9%B4%E4%BC%98%E7%A7%80%E8%AE%BA%E6%96%87/D/D22103360092.pdf,github.com,zhanwen/MathModel,master,D22103360092.pdf,1601579,13224ae9da279a1890a4e6ecb9f12db7c18b97b9,一等奖,first,team-id-matched,https://github.com/lcpmgh/CPMCM-Awards/tree/master/awardlist,D22103360092,full-paper-core,2022-D,scheduling-allocation,census+stratified-4-per-year-letter-seed-20260829,yes,third-party mirror; do not redistribute; local cache only
2022-D22104760020,2022,19,D,D22104760020,PISA架构芯片资源排布问题,PISA 架构芯片资源排布问题,full-paper-pdf,https://github.com/zhanwen/MathModel/blob/master/%E5%9B%BD%E8%B5%9B%E8%AE%BA%E6%96%87/2022%E5%B9%B4%E4%BC%98%E7%A7%80%E8%AE%BA%E6%96%87/D/D22104760020.pdf,github.com,zhanwen/MathModel,master,D22104760020.pdf,2168810,3c95892e7eea7522701c6e8aee4142212a5a77b8,一等奖,first,team-id-matched,https://github.com/lcpmgh/CPMCM-Awards/tree/master/awardlist,D22104760020,full-paper-core,2022-D,scheduling-allocation,census+stratified-4-per-year-letter-seed-20260829,yes,third-party mirror; do not redistribute; local cache only
2022-D22106990096,2022,19,D,D22106990096,PISA架构芯片资源排布问题,PISA架构芯片资源排布问题,full-paper-pdf,https://github.com/zhanwen/MathModel/blob/master/%E5%9B%BD%E8%B5%9B%E8%AE%BA%E6%96%87/2022%E5%B9%B4%E4%BC%98%E7%A7%80%E8%AE%BA%E6%96%87/D/D22106990096.pdf,github.com,zhanwen/MathModel,master,D22106990096.pdf,2667361,2008fd857d7c85082b4ee147570825456275058b,一等奖,first,team-id-matched,https://github.com/lcpmgh/CPMCM-Awards/tree/master/awardlist,D22106990096,full-paper-core,2022-D,scheduling-allocation,census-of-github-folder-crosschecked-against-award-csv,no,third-party mirror; do not redistribute; local cache only
2022-D22900310001,2022,19,D,D22900310001,PISA架构芯片资源排布问题,PISA架构芯片资源排布问题,full-paper-pdf,https://github.com/zhanwen/MathModel/blob/master/%E5%9B%BD%E8%B5%9B%E8%AE%BA%E6%96%87/2022%E5%B9%B4%E4%BC%98%E7%A7%80%E8%AE%BA%E6%96%87/D/D22900310001.pdf,github.com,zhanwen/MathModel,master,D22900310001.pdf,4155466,b9f2aa5cebdd2bbb9a4d5ab5a96b06e4365665a9,一等奖,first,team-id-matched,https://github.com/lcpmgh/CPMCM-Awards/tree/master/awardlist,D22900310001,full-paper-core,2022-D,scheduling-allocation,census+stratified-4-per-year-letter-seed-20260829,yes,third-party mirror; do not redistribute; local cache only
2022-D22910040028,2022,19,D,D22910040028,PISA架构芯片资源排布问题,PISA架构芯片资源排布问题,full-paper-pdf,https://github.com/zhanwen/MathModel/blob/master/%E5%9B%BD%E8%B5%9B%E8%AE%BA%E6%96%87/2022%E5%B9%B4%E4%BC%98%E7%A7%80%E8%AE%BA%E6%96%87/D/D22910040028.pdf,github.com,zhanwen/MathModel,master,D22910040028.pdf,1123171,b74c461486d45a93f998783ad1a386b315ff4bc1,一等奖,first,team-id-matched,https://github.com/lcpmgh/CPMCM-Awards/tree/master/awardlist,D22910040028,full-paper-core,2022-D,scheduling-allocation,census-of-github-folder-crosschecked-against-award-csv,no,third-party mirror; do not redistribute; local cache only
2022-E22100160013,2022,19,E,E22100160013,草原放牧策略研究,草原放牧策略研究,full-paper-pdf,https://github.com/zhanwen/MathModel/blob/master/%E5%9B%BD%E8%B5%9B%E8%AE%BA%E6%96%87/2022%E5%B9%B4%E4%BC%98%E7%A7%80%E8%AE%BA%E6%96%87/E/E22100160013.pdf,github.com,zhanwen/MathModel,master,E22100160013.pdf,2206321,02e0256ef169f97898a4e74a483a5eb1ea961873,成功参与奖,participation,team-id-matched,https://github.com/lcpmgh/CPMCM-Awards/tree/master/awardlist,E22100160013,control-or-contaminant,2022-E,policy-evaluation,census-of-github-folder-crosschecked-against-award-csv,no,third-party mirror; do not redistribute; local cache only
2022-E22103040108,2022,19,E,E22103040108,草原放牧策略研究,草原放牧策略研究,full-paper-pdf,https://github.com/zhanwen/MathModel/blob/master/%E5%9B%BD%E8%B5%9B%E8%AE%BA%E6%96%87/2022%E5%B9%B4%E4%BC%98%E7%A7%80%E8%AE%BA%E6%96%87/E/E22103040108.pdf,github.com,zhanwen/MathModel,master,E22103040108.pdf,5354013,e3a249eb880d0b7043aa2705a9e7930130f93a31,一等奖,first,team-id-matched,https://github.com/lcpmgh/CPMCM-Awards/tree/master/awardlist,E22103040108,full-paper-core,2022-E,policy-evaluation,census-of-github-folder-crosschecked-against-award-csv,no,third-party mirror; do not redistribute; local cache only
2022-E22103350038,2022,19,E,E22103350038,草原放牧策略研究,草原放牧策略研究,full-paper-pdf,https://github.com/zhanwen/MathModel/blob/master/%E5%9B%BD%E8%B5%9B%E8%AE%BA%E6%96%87/2022%E5%B9%B4%E4%BC%98%E7%A7%80%E8%AE%BA%E6%96%87/E/E22103350038.pdf,github.com,zhanwen/MathModel,master,E22103350038.pdf,11935564,b01ef592e73f47c979e915a2e8ef3487b697841e,一等奖,first,team-id-matched,https://github.com/lcpmgh/CPMCM-Awards/tree/master/awardlist,E22103350038,full-paper-core,2022-E,policy-evaluation,census+stratified-4-per-year-letter-seed-20260829,yes,third-party mirror; do not redistribute; local cache only
2022-E22104860014,2022,19,E,E22104860014,草原放牧策略研究,草原放牧策略研究,full-paper-pdf,https://github.com/zhanwen/MathModel/blob/master/%E5%9B%BD%E8%B5%9B%E8%AE%BA%E6%96%87/2022%E5%B9%B4%E4%BC%98%E7%A7%80%E8%AE%BA%E6%96%87/E/E22104860014.pdf,github.com,zhanwen/MathModel,master,E22104860014.pdf,10165824,626672fe44d7b02c300ce32ea6b4ce7c34fa289c,一等奖,first,team-id-matched,https://github.com/lcpmgh/CPMCM-Awards/tree/master/awardlist,E22104860014,full-paper-core,2022-E,policy-evaluation,census+stratified-4-per-year-letter-seed-20260829,yes,third-party mirror; do not redistribute; local cache only
2022-E22104870114,2022,19,E,E22104870114,草原放牧策略研究,草原放牧策略研究,full-paper-pdf,https://github.com/zhanwen/MathModel/blob/master/%E5%9B%BD%E8%B5%9B%E8%AE%BA%E6%96%87/2022%E5%B9%B4%E4%BC%98%E7%A7%80%E8%AE%BA%E6%96%87/E/E22104870114.pdf,github.com,zhanwen/MathModel,master,E22104870114.pdf,2979204,eb801eac76391895dbca540847c0eec773165db5,一等奖,first,team-id-matched,https://github.com/lcpmgh/CPMCM-Awards/tree/master/awardlist,E22104870114,full-paper-core,2022-E,policy-evaluation,census+stratified-4-per-year-letter-seed-20260829,yes,third-party mirror; do not redistribute; local cache only
2022-E22106110005,2022,19,E,E22106110005,草原放牧策略研究,基于机理分析与组合模型的草原放牧策略研究,full-paper-pdf,https://github.com/zhanwen/MathModel/blob/master/%E5%9B%BD%E8%B5%9B%E8%AE%BA%E6%96%87/2022%E5%B9%B4%E4%BC%98%E7%A7%80%E8%AE%BA%E6%96%87/E/E22106110005.pdf,github.com,zhanwen/MathModel,master,E22106110005.pdf,2701398,8f6063c745db85161f81cef19ed7c0de8b94fed2,一等奖,first,team-id-matched,https://github.com/lcpmgh/CPMCM-Awards/tree/master/awardlist,E22106110005,full-paper-core,2022-E,policy-evaluation,census+stratified-4-per-year-letter-seed-20260829,yes,third-party mirror; do not redistribute; local cache only
2022-E22107100039,2022,19,E,E22107100039,草原放牧策略研究,草原放牧策略研究,full-paper-pdf,https://github.com/zhanwen/MathModel/blob/master/%E5%9B%BD%E8%B5%9B%E8%AE%BA%E6%96%87/2022%E5%B9%B4%E4%BC%98%E7%A7%80%E8%AE%BA%E6%96%87/E/E22107100039.pdf,github.com,zhanwen/MathModel,master,E22107100039.pdf,3863049,4e75fbd22c872e1cdd8869f295ebf5b1a016a6ae,一等奖,first,team-id-matched,https://github.com/lcpmgh/CPMCM-Awards/tree/master/awardlist,E22107100039,full-paper-core,2022-E,policy-evaluation,census-of-github-folder-crosschecked-against-award-csv,no,third-party mirror; do not redistribute; local cache only
2022-F22100090053,2022,19,F,F22100090053,COVID-19疫情期间生活物资的科学管理问题,COVID-19 疫情期间生活物资的科学管理问题,full-paper-pdf,https://github.com/zhanwen/MathModel/blob/master/%E5%9B%BD%E8%B5%9B%E8%AE%BA%E6%96%87/2022%E5%B9%B4%E4%BC%98%E7%A7%80%E8%AE%BA%E6%96%87/F/F22100090053.pdf,github.com,zhanwen/MathModel,master,F22100090053.pdf,6139193,10037482f7732f7fa1863b822807ec02561dd047,一等奖,first,team-id-matched,https://github.com/lcpmgh/CPMCM-Awards/tree/master/awardlist,F22100090053,full-paper-core,2022-F,scheduling-allocation,census+stratified-4-per-year-letter-seed-20260829,yes,third-party mirror; do not redistribute; local cache only
2022-F22101470006,2022,19,F,F22101470006,COVID-19疫情期间生活物资的科学管理问题,COVID-19疫情期间生活物资的科学管理问题,full-paper-pdf,https://github.com/zhanwen/MathModel/blob/master/%E5%9B%BD%E8%B5%9B%E8%AE%BA%E6%96%87/2022%E5%B9%B4%E4%BC%98%E7%A7%80%E8%AE%BA%E6%96%87/F/F22101470006.pdf,github.com,zhanwen/MathModel,master,F22101470006.pdf,8596086,d2281445fd2abcc147ab07d51640343b77898472,一等奖,first,team-id-matched,https://github.com/lcpmgh/CPMCM-Awards/tree/master/awardlist,F22101470006,full-paper-core,2022-F,scheduling-allocation,census-of-github-folder-crosschecked-against-award-csv,no,third-party mirror; do not redistribute; local cache only
2022-F22102540295,2022,19,F,F22102540295,COVID-19疫情期间生活物资的科学管理问题,COVID-19疫情期间生活物资的科学管理问题,full-paper-pdf,https://github.com/zhanwen/MathModel/blob/master/%E5%9B%BD%E8%B5%9B%E8%AE%BA%E6%96%87/2022%E5%B9%B4%E4%BC%98%E7%A7%80%E8%AE%BA%E6%96%87/F/F22102540295.pdf,github.com,zhanwen/MathModel,master,F22102540295.pdf,7138446,e226eed8740071d0255563e8f32573e97b4c9548,一等奖,first,team-id-matched,https://github.com/lcpmgh/CPMCM-Awards/tree/master/awardlist,F22102540295,full-paper-core,2022-F,scheduling-allocation,census-of-github-folder-crosschecked-against-award-csv,no,third-party mirror; do not redistribute; local cache only
2022-F22102980006,2022,19,F,F22102980006,COVID-19疫情期间生活物资的科学管理问题,COVID-19疫情期间生活物资的科学管理问题,full-paper-pdf,https://github.com/zhanwen/MathModel/blob/master/%E5%9B%BD%E8%B5%9B%E8%AE%BA%E6%96%87/2022%E5%B9%B4%E4%BC%98%E7%A7%80%E8%AE%BA%E6%96%87/F/F22102980006.pdf,github.com,zhanwen/MathModel,master,F22102980006.pdf,6217944,1e571aebddaad49373b22ecfb942d34d7b42cf76,一等奖,first,team-id-matched,https://github.com/lcpmgh/CPMCM-Awards/tree/master/awardlist,F22102980006,full-paper-core,2022-F,scheduling-allocation,census-of-github-folder-crosschecked-against-award-csv,no,third-party mirror; do not redistribute; local cache only
2022-F22103570053,2022,19,F,F22103570053,COVID-19疫情期间生活物资的科学管理问题,COVID-19 疫情期间生活物资的科学管理问题,full-paper-pdf,https://github.com/zhanwen/MathModel/blob/master/%E5%9B%BD%E8%B5%9B%E8%AE%BA%E6%96%87/2022%E5%B9%B4%E4%BC%98%E7%A7%80%E8%AE%BA%E6%96%87/F/F22103570053.pdf,github.com,zhanwen/MathModel,master,F22103570053.pdf,3750030,39509d61f25b7f97c72352a021e5d6d2f2434359,一等奖,first,team-id-matched,https://github.com/lcpmgh/CPMCM-Awards/tree/master/awardlist,F22103570053,full-paper-core,2022-F,scheduling-allocation,census+stratified-4-per-year-letter-seed-20260829,yes,third-party mirror; do not redistribute; local cache only
2022-F22105330345,2022,19,F,F22105330345,COVID-19疫情期间生活物资的科学管理问题,COVID-19疫情期间生活物资的科学管理问题,full-paper-pdf,https://github.com/zhanwen/MathModel/blob/master/%E5%9B%BD%E8%B5%9B%E8%AE%BA%E6%96%87/2022%E5%B9%B4%E4%BC%98%E7%A7%80%E8%AE%BA%E6%96%87/F/F22105330345.pdf,github.com,zhanwen/MathModel,master,F22105330345.pdf,6877046,17b7fae62fbd796104fd9bcf698a26904d278faa,一等奖,first,team-id-matched,https://github.com/lcpmgh/CPMCM-Awards/tree/master/awardlist,F22105330345,full-paper-core,2022-F,scheduling-allocation,census+stratified-4-per-year-letter-seed-20260829,yes,third-party mirror; do not redistribute; local cache only
2022-F22106150018,2022,19,F,F22106150018,COVID-19疫情期间生活物资的科学管理问题,COVID-19 疫情期间生活物资的科学管理问题,full-paper-pdf,https://github.com/zhanwen/MathModel/blob/master/%E5%9B%BD%E8%B5%9B%E8%AE%BA%E6%96%87/2022%E5%B9%B4%E4%BC%98%E7%A7%80%E8%AE%BA%E6%96%87/F/F22106150018.pdf,github.com,zhanwen/MathModel,master,F22106150018.pdf,25762499,7f83aa8e04df75baa372fc78d3a4b326aba0e16f,一等奖,first,team-id-matched,https://github.com/lcpmgh/CPMCM-Awards/tree/master/awardlist,F22106150018,full-paper-core,2022-F,scheduling-allocation,census+stratified-4-per-year-letter-seed-20260829,yes,third-party mirror; do not redistribute; local cache only
2023-A23100070049,2023,20,A,A23100070049,WLAN网络信道接入机制建模,WLAN网络信道接入机制建模,full-paper-pdf,https://github.com/zhanwen/MathModel/blob/master/%E5%9B%BD%E8%B5%9B%E8%AE%BA%E6%96%87/2023%E5%B9%B4%E4%BC%98%E7%A7%80%E8%AE%BA%E6%96%87/A/A23100070049.pdf,github.com,zhanwen/MathModel,master,A23100070049.pdf,2405135,769cc903e8f475af9be421a9cae8e0aa21c30110,一等奖,first,team-id-matched,https://github.com/lcpmgh/CPMCM-Awards/tree/master/awardlist,A23100070049,full-paper-core,2023-A,communications-modeling,census+stratified-4-per-year-letter-seed-20260829,yes,third-party mirror; do not redistribute; local cache only
2023-A23102470073,2023,20,A,A23102470073,WLAN网络信道接入机制建模,WLAN网络信道接入机制建模,full-paper-pdf,https://github.com/zhanwen/MathModel/blob/master/%E5%9B%BD%E8%B5%9B%E8%AE%BA%E6%96%87/2023%E5%B9%B4%E4%BC%98%E7%A7%80%E8%AE%BA%E6%96%87/A/A23102470073.pdf,github.com,zhanwen/MathModel,master,A23102470073.pdf,4136438,7e8efe71ccbc1a629c24997c03745e16dd328ed6,一等奖,first,team-id-matched,https://github.com/lcpmgh/CPMCM-Awards/tree/master/awardlist,A23102470073,full-paper-core,2023-A,communications-modeling,census-of-github-folder-crosschecked-against-award-csv,no,third-party mirror; do not redistribute; local cache only
2023-A23102480015,2023,20,A,A23102480015,WLAN网络信道接入机制建模,WLAN网络信道接入机制建模,full-paper-pdf,https://github.com/zhanwen/MathModel/blob/master/%E5%9B%BD%E8%B5%9B%E8%AE%BA%E6%96%87/2023%E5%B9%B4%E4%BC%98%E7%A7%80%E8%AE%BA%E6%96%87/A/A23102480015.pdf,github.com,zhanwen/MathModel,master,A23102480015.pdf,2426217,4dd34872aef49586e7cd1a4460458c62fc7a8626,一等奖,first,team-id-matched,https://github.com/lcpmgh/CPMCM-Awards/tree/master/awardlist,A23102480015,full-paper-core,2023-A,communications-modeling,census+stratified-4-per-year-letter-seed-20260829,yes,third-party mirror; do not redistribute; local cache only
2023-A23102860239,2023,20,A,A23102860239,WLAN网络信道接入机制建模,WLAN网络信道接入机制建模,full-paper-pdf,https://github.com/zhanwen/MathModel/blob/master/%E5%9B%BD%E8%B5%9B%E8%AE%BA%E6%96%87/2023%E5%B9%B4%E4%BC%98%E7%A7%80%E8%AE%BA%E6%96%87/A/A23102860239.pdf,github.com,zhanwen/MathModel,master,A23102860239.pdf,6039206,d844103e25f90ed4a0193f1b3c0e8a34cbf2e868,一等奖,first,team-id-matched,https://github.com/lcpmgh/CPMCM-Awards/tree/master/awardlist,A23102860239,full-paper-core,2023-A,communications-modeling,census-of-github-folder-crosschecked-against-award-csv,no,third-party mirror; do not redistribute; local cache only
2023-A23102890028,2023,20,A,A23102890028,WLAN网络信道接入机制建模,同信道多 BSS 系统吞吐计算问题,full-paper-pdf,https://github.com/zhanwen/MathModel/blob/master/%E5%9B%BD%E8%B5%9B%E8%AE%BA%E6%96%87/2023%E5%B9%B4%E4%BC%98%E7%A7%80%E8%AE%BA%E6%96%87/A/A23102890028.pdf,github.com,zhanwen/MathModel,master,A23102890028.pdf,1868103,22d37bd6461622983e62e75cee777a010c588845,一等奖,first,team-id-matched,https://github.com/lcpmgh/CPMCM-Awards/tree/master/awardlist,A23102890028,full-paper-core,2023-A,communications-modeling,census+stratified-4-per-year-letter-seed-20260829,yes,third-party mirror; do not redistribute; local cache only
2023-A23103360079,2023,20,A,A23103360079,WLAN网络信道接入机制建模,WLAN网络信道接入机制建模,full-paper-pdf,https://github.com/zhanwen/MathModel/blob/master/%E5%9B%BD%E8%B5%9B%E8%AE%BA%E6%96%87/2023%E5%B9%B4%E4%BC%98%E7%A7%80%E8%AE%BA%E6%96%87/A/A23103360079.pdf,github.com,zhanwen/MathModel,master,A23103360079.pdf,38067441,f767c80944f0a6b5c918ca73597885ea794393ac,一等奖,first,team-id-matched,https://github.com/lcpmgh/CPMCM-Awards/tree/master/awardlist,A23103360079,full-paper-core,2023-A,communications-modeling,census-of-github-folder-crosschecked-against-award-csv,no,third-party mirror; do not redistribute; local cache only
2023-A23103840031,2023,20,A,A23103840031,WLAN网络信道接入机制建模,WLAN网络信道接入机制建模,full-paper-pdf,https://github.com/zhanwen/MathModel/blob/master/%E5%9B%BD%E8%B5%9B%E8%AE%BA%E6%96%87/2023%E5%B9%B4%E4%BC%98%E7%A7%80%E8%AE%BA%E6%96%87/A/A23103840031.pdf,github.com,zhanwen/MathModel,master,A23103840031.pdf,3751660,23c92a8b7d7b24abb6ef99efbb89e14dd117a046,一等奖,first,team-id-matched,https://github.com/lcpmgh/CPMCM-Awards/tree/master/awardlist,A23103840031,full-paper-core,2023-A,communications-modeling,census-of-github-folder-crosschecked-against-award-csv,no,third-party mirror; do not redistribute; local cache only
2023-A23104220005,2023,20,A,A23104220005,WLAN网络信道接入机制建模,WLAN 网络信道接入机制建模,full-paper-pdf,https://github.com/zhanwen/MathModel/blob/master/%E5%9B%BD%E8%B5%9B%E8%AE%BA%E6%96%87/2023%E5%B9%B4%E4%BC%98%E7%A7%80%E8%AE%BA%E6%96%87/A/A23104220005.pdf,github.com,zhanwen/MathModel,master,A23104220005.pdf,6099206,9d9782b7ea057d64639ce5d0abf69dd191be50d8,一等奖,first,team-id-matched,https://github.com/lcpmgh/CPMCM-Awards/tree/master/awardlist,A23104220005,full-paper-core,2023-A,communications-modeling,census+stratified-4-per-year-letter-seed-20260829,yes,third-party mirror; do not redistribute; local cache only
2023-A23104860166,2023,20,A,A23104860166,WLAN网络信道接入机制建模,WLAN网络信道接入机制建模,full-paper-pdf,https://github.com/zhanwen/MathModel/blob/master/%E5%9B%BD%E8%B5%9B%E8%AE%BA%E6%96%87/2023%E5%B9%B4%E4%BC%98%E7%A7%80%E8%AE%BA%E6%96%87/A/A23104860166.pdf,github.com,zhanwen/MathModel,master,A23104860166.pdf,3374506,ddf98990a4a98fc53d14c3289a60b765214b52dc,一等奖,first,team-id-matched,https://github.com/lcpmgh/CPMCM-Awards/tree/master/awardlist,A23104860166,full-paper-core,2023-A,communications-modeling,census-of-github-folder-crosschecked-against-award-csv,no,third-party mirror; do not redistribute; local cache only
2023-A23105330383,2023,20,A,A23105330383,WLAN网络信道接入机制建模,WLAN网络信道接入机制建模,full-paper-pdf,https://github.com/zhanwen/MathModel/blob/master/%E5%9B%BD%E8%B5%9B%E8%AE%BA%E6%96%87/2023%E5%B9%B4%E4%BC%98%E7%A7%80%E8%AE%BA%E6%96%87/A/A23105330383.pdf,github.com,zhanwen/MathModel,master,A23105330383.pdf,2270732,e64dff357f93fc543c0ea58647fd1080b69835bc,一等奖,first,team-id-matched,https://github.com/lcpmgh/CPMCM-Awards/tree/master/awardlist,A23105330383,full-paper-core,2023-A,communications-modeling,census-of-github-folder-crosschecked-against-award-csv,no,third-party mirror; do not redistribute; local cache only
2023-B23100070010,2023,20,B,B23100070010,DFT类矩阵的整数分解逼近,DFT类矩阵的整数分解逼近,full-paper-pdf,https://github.com/zhanwen/MathModel/blob/master/%E5%9B%BD%E8%B5%9B%E8%AE%BA%E6%96%87/2023%E5%B9%B4%E4%BC%98%E7%A7%80%E8%AE%BA%E6%96%87/B/B23100070010.pdf,github.com,zhanwen/MathModel,master,B23100070010.pdf,9835840,908aed3c00c8f41dde7d166e2850a6c4591f8ead,一等奖,first,team-id-matched,https://github.com/lcpmgh/CPMCM-Awards/tree/master/awardlist,B23100070010,full-paper-core,2023-B,numerical-approximation,census-of-github-folder-crosschecked-against-award-csv,no,third-party mirror; do not redistribute; local cache only
2023-B23100070173,2023,20,B,B23100070173,DFT类矩阵的整数分解逼近,DFT类矩阵的整数分解逼近,full-paper-pdf,https://github.com/zhanwen/MathModel/blob/master/%E5%9B%BD%E8%B5%9B%E8%AE%BA%E6%96%87/2023%E5%B9%B4%E4%BC%98%E7%A7%80%E8%AE%BA%E6%96%87/B/B23100070173.pdf,github.com,zhanwen/MathModel,master,B23100070173.pdf,1175715,ed16207fc726dfb04951087621e1b7edb27a41cb,一等奖,first,team-id-matched,https://github.com/lcpmgh/CPMCM-Awards/tree/master/awardlist,B23100070173,full-paper-core,2023-B,numerical-approximation,census-of-github-folder-crosschecked-against-award-csv,no,third-party mirror; do not redistribute; local cache only
2023-B23102870003,2023,20,B,B23102870003,DFT类矩阵的整数分解逼近,DFT类矩阵的整数分解逼近,full-paper-pdf,https://github.com/zhanwen/MathModel/blob/master/%E5%9B%BD%E8%B5%9B%E8%AE%BA%E6%96%87/2023%E5%B9%B4%E4%BC%98%E7%A7%80%E8%AE%BA%E6%96%87/B/B23102870003.pdf,github.com,zhanwen/MathModel,master,B23102870003.pdf,3783210,b6795a4bbf662490379f6e4256c9f64ad8f7b1d5,一等奖,first,team-id-matched,https://github.com/lcpmgh/CPMCM-Awards/tree/master/awardlist,B23102870003,full-paper-core,2023-B,numerical-approximation,census-of-github-folder-crosschecked-against-award-csv,no,third-party mirror; do not redistribute; local cache only
2023-B23102870182,2023,20,B,B23102870182,DFT类矩阵的整数分解逼近,DFT类矩阵的整数分解逼近,full-paper-pdf,https://github.com/zhanwen/MathModel/blob/master/%E5%9B%BD%E8%B5%9B%E8%AE%BA%E6%96%87/2023%E5%B9%B4%E4%BC%98%E7%A7%80%E8%AE%BA%E6%96%87/B/B23102870182.pdf,github.com,zhanwen/MathModel,master,B23102870182.pdf,1895408,36d1408648fe4ef03e2a85bea9a89d0910c9d4bb,一等奖,first,team-id-matched,https://github.com/lcpmgh/CPMCM-Awards/tree/master/awardlist,B23102870182,full-paper-core,2023-B,numerical-approximation,census-of-github-folder-crosschecked-against-award-csv,no,third-party mirror; do not redistribute; local cache only
2023-B23103360062,2023,20,B,B23103360062,DFT类矩阵的整数分解逼近,DFT 类矩阵的整数分解逼近,full-paper-pdf,https://github.com/zhanwen/MathModel/blob/master/%E5%9B%BD%E8%B5%9B%E8%AE%BA%E6%96%87/2023%E5%B9%B4%E4%BC%98%E7%A7%80%E8%AE%BA%E6%96%87/B/B23103360062.pdf,github.com,zhanwen/MathModel,master,B23103360062.pdf,3288590,c75a6c317d4825922144c764245ae5a3e169f944,一等奖,first,team-id-matched,https://github.com/lcpmgh/CPMCM-Awards/tree/master/awardlist,B23103360062,full-paper-core,2023-B,numerical-approximation,census+stratified-4-per-year-letter-seed-20260829,yes,third-party mirror; do not redistribute; local cache only
2023-B23104860044,2023,20,B,B23104860044,DFT类矩阵的整数分解逼近,DFT 类矩阵的整数分解逼近,full-paper-pdf,https://github.com/zhanwen/MathModel/blob/master/%E5%9B%BD%E8%B5%9B%E8%AE%BA%E6%96%87/2023%E5%B9%B4%E4%BC%98%E7%A7%80%E8%AE%BA%E6%96%87/B/B23104860044.pdf,github.com,zhanwen/MathModel,master,B23104860044.pdf,2048089,db9373634bd6ab0584b4fb3ec77f362584c41a17,一等奖,first,team-id-matched,https://github.com/lcpmgh/CPMCM-Awards/tree/master/awardlist,B23104860044,full-paper-core,2023-B,numerical-approximation,census+stratified-4-per-year-letter-seed-20260829,yes,third-party mirror; do not redistribute; local cache only
2023-B23105580005,2023,20,B,B23105580005,DFT类矩阵的整数分解逼近,DFT类矩阵的整数分解逼近,full-paper-pdf,https://github.com/zhanwen/MathModel/blob/master/%E5%9B%BD%E8%B5%9B%E8%AE%BA%E6%96%87/2023%E5%B9%B4%E4%BC%98%E7%A7%80%E8%AE%BA%E6%96%87/B/B23105580005.pdf,github.com,zhanwen/MathModel,master,B23105580005.pdf,3295504,3717acf66b6aefc6c6f2d864ef27ebea7ce9bd55,一等奖,first,team-id-matched,https://github.com/lcpmgh/CPMCM-Awards/tree/master/awardlist,B23105580005,full-paper-core,2023-B,numerical-approximation,census+stratified-4-per-year-letter-seed-20260829,yes,third-party mirror; do not redistribute; local cache only
2023-B23106140164,2023,20,B,B23106140164,DFT类矩阵的整数分解逼近,DFT类矩阵的整数分解逼近,full-paper-pdf,https://github.com/zhanwen/MathModel/blob/master/%E5%9B%BD%E8%B5%9B%E8%AE%BA%E6%96%87/2023%E5%B9%B4%E4%BC%98%E7%A7%80%E8%AE%BA%E6%96%87/B/B23106140164.pdf,github.com,zhanwen/MathModel,master,B23106140164.pdf,1584461,50bafc566ff179909c1bb577d311faeb0157c84d,一等奖,first,team-id-matched,https://github.com/lcpmgh/CPMCM-Awards/tree/master/awardlist,B23106140164,full-paper-core,2023-B,numerical-approximation,census-of-github-folder-crosschecked-against-award-csv,no,third-party mirror; do not redistribute; local cache only
2023-B23111170006,2023,20,B,B23111170006,DFT类矩阵的整数分解逼近,基于整数分解的 DFT 精度和效率优化问题,full-paper-pdf,https://github.com/zhanwen/MathModel/blob/master/%E5%9B%BD%E8%B5%9B%E8%AE%BA%E6%96%87/2023%E5%B9%B4%E4%BC%98%E7%A7%80%E8%AE%BA%E6%96%87/B/B23111170006.pdf,github.com,zhanwen/MathModel,master,B23111170006.pdf,1740170,3e208d14f95e1c32d9bc7d8939e50c934584d9d9,一等奖,first,team-id-matched,https://github.com/lcpmgh/CPMCM-Awards/tree/master/awardlist,B23111170006,full-paper-core,2023-B,numerical-approximation,census+stratified-4-per-year-letter-seed-20260829,yes,third-party mirror; do not redistribute; local cache only
2023-C23102540029,2023,20,C,C23102540029,大规模创新类竞赛评审方案研究,大规模创新类竞赛评审方案研究,full-paper-pdf,https://github.com/zhanwen/MathModel/blob/master/%E5%9B%BD%E8%B5%9B%E8%AE%BA%E6%96%87/2023%E5%B9%B4%E4%BC%98%E7%A7%80%E8%AE%BA%E6%96%87/C/C23102540029.pdf,github.com,zhanwen/MathModel,master,C23102540029.pdf,3617240,ff25a56749962db219001f030836270fb61685f4,一等奖,first,team-id-matched,https://github.com/lcpmgh/CPMCM-Awards/tree/master/awardlist,C23102540029,full-paper-core,2023-C,evaluation-decision,census-of-github-folder-crosschecked-against-award-csv,no,third-party mirror; do not redistribute; local cache only
2023-C23102890004,2023,20,C,C23102890004,大规模创新类竞赛评审方案研究,大规模创新类竞赛评审方案研究,full-paper-pdf,https://github.com/zhanwen/MathModel/blob/master/%E5%9B%BD%E8%B5%9B%E8%AE%BA%E6%96%87/2023%E5%B9%B4%E4%BC%98%E7%A7%80%E8%AE%BA%E6%96%87/C/C23102890004.pdf,github.com,zhanwen/MathModel,master,C23102890004.pdf,2029504,cb5a6e810d536fad001f83173fa7cfddd85161f7,一等奖,first,team-id-matched,https://github.com/lcpmgh/CPMCM-Awards/tree/master/awardlist,C23102890004,full-paper-core,2023-C,evaluation-decision,census-of-github-folder-crosschecked-against-award-csv,no,third-party mirror; do not redistribute; local cache only
2023-C23102980125,2023,20,C,C23102980125,大规模创新类竞赛评审方案研究,大规模创新类竞赛评审方案的建模与研究,full-paper-pdf,https://github.com/zhanwen/MathModel/blob/master/%E5%9B%BD%E8%B5%9B%E8%AE%BA%E6%96%87/2023%E5%B9%B4%E4%BC%98%E7%A7%80%E8%AE%BA%E6%96%87/C/C23102980125.pdf,github.com,zhanwen/MathModel,master,C23102980125.pdf,3315112,dd816770c48c93e21e805522b847bf0264876605,一等奖,first,team-id-matched,https://github.com/lcpmgh/CPMCM-Awards/tree/master/awardlist,C23102980125,full-paper-core,2023-C,evaluation-decision,census+stratified-4-per-year-letter-seed-20260829,yes,third-party mirror; do not redistribute; local cache only
2023-C23103360083,2023,20,C,C23103360083,大规模创新类竞赛评审方案研究,大规模创新类竞赛评审方案研究,full-paper-pdf,https://github.com/zhanwen/MathModel/blob/master/%E5%9B%BD%E8%B5%9B%E8%AE%BA%E6%96%87/2023%E5%B9%B4%E4%BC%98%E7%A7%80%E8%AE%BA%E6%96%87/C/C23103360083.pdf,github.com,zhanwen/MathModel,master,C23103360083.pdf,2351666,302188b98c13faa03d708f881dd884e3b3d6d7f4,一等奖,first,team-id-matched,https://github.com/lcpmgh/CPMCM-Awards/tree/master/awardlist,C23103360083,full-paper-core,2023-C,evaluation-decision,census-of-github-folder-crosschecked-against-award-csv,no,third-party mirror; do not redistribute; local cache only
2023-C23103510013,2023,20,C,C23103510013,大规模创新类竞赛评审方案研究,大规模创新类竞赛评审方案研究,full-paper-pdf,https://github.com/zhanwen/MathModel/blob/master/%E5%9B%BD%E8%B5%9B%E8%AE%BA%E6%96%87/2023%E5%B9%B4%E4%BC%98%E7%A7%80%E8%AE%BA%E6%96%87/C/C23103510013.pdf,github.com,zhanwen/MathModel,master,C23103510013.pdf,4070071,073e9ba0533e78e6a1781364642961096fea50ba,一等奖,first,team-id-matched,https://github.com/lcpmgh/CPMCM-Awards/tree/master/awardlist,C23103510013,full-paper-core,2023-C,evaluation-decision,census-of-github-folder-crosschecked-against-award-csv,no,third-party mirror; do not redistribute; local cache only
2023-C23104080013,2023,20,C,C23104080013,大规模创新类竞赛评审方案研究,大规模创新类竞赛评审方案研究,full-paper-pdf,https://github.com/zhanwen/MathModel/blob/master/%E5%9B%BD%E8%B5%9B%E8%AE%BA%E6%96%87/2023%E5%B9%B4%E4%BC%98%E7%A7%80%E8%AE%BA%E6%96%87/C/C23104080013.pdf,github.com,zhanwen/MathModel,master,C23104080013.pdf,4230286,74abffa90bbe8bac2b74040fcfb5b1b90e27913c,一等奖,first,team-id-matched,https://github.com/lcpmgh/CPMCM-Awards/tree/master/awardlist,C23104080013,full-paper-core,2023-C,evaluation-decision,census-of-github-folder-crosschecked-against-award-csv,no,third-party mirror; do not redistribute; local cache only
2023-C23106130016,2023,20,C,C23106130016,大规模创新类竞赛评审方案研究,_大规模创新类竞赛评审方案研究_,full-paper-pdf,https://github.com/zhanwen/MathModel/blob/master/%E5%9B%BD%E8%B5%9B%E8%AE%BA%E6%96%87/2023%E5%B9%B4%E4%BC%98%E7%A7%80%E8%AE%BA%E6%96%87/C/C23106130016.pdf,github.com,zhanwen/MathModel,master,C23106130016.pdf,4993713,790f9760019aba94d454df814d739256051534af,一等奖,first,team-id-matched,https://github.com/lcpmgh/CPMCM-Awards/tree/master/awardlist,C23106130016,full-paper-core,2023-C,evaluation-decision,census+stratified-4-per-year-letter-seed-20260829,yes,third-party mirror; do not redistribute; local cache only
2023-C23106570312,2023,20,C,C23106570312,大规模创新类竞赛评审方案研究,大规模创新类竞赛评审方案研究,full-paper-pdf,https://github.com/zhanwen/MathModel/blob/master/%E5%9B%BD%E8%B5%9B%E8%AE%BA%E6%96%87/2023%E5%B9%B4%E4%BC%98%E7%A7%80%E8%AE%BA%E6%96%87/C/C23106570312.pdf,github.com,zhanwen/MathModel,master,C23106570312.pdf,12405401,2a62dfa397d019a7a9ee64cbdb9cb2eae33641de,一等奖,first,team-id-matched,https://github.com/lcpmgh/CPMCM-Awards/tree/master/awardlist,C23106570312,full-paper-core,2023-C,evaluation-decision,census+stratified-4-per-year-letter-seed-20260829,yes,third-party mirror; do not redistribute; local cache only
2023-C23107120024,2023,20,C,C23107120024,大规模创新类竞赛评审方案研究,大规模创新类竞赛评审方案研究,full-paper-pdf,https://github.com/zhanwen/MathModel/blob/master/%E5%9B%BD%E8%B5%9B%E8%AE%BA%E6%96%87/2023%E5%B9%B4%E4%BC%98%E7%A7%80%E8%AE%BA%E6%96%87/C/C23107120024.pdf,github.com,zhanwen/MathModel,master,C23107120024.pdf,6950584,3557b61f7602d4fcd6b2f055f1d207f599e96598,一等奖,first,team-id-matched,https://github.com/lcpmgh/CPMCM-Awards/tree/master/awardlist,C23107120024,full-paper-core,2023-C,evaluation-decision,census+stratified-4-per-year-letter-seed-20260829,yes,third-party mirror; do not redistribute; local cache only
2023-C23910020010,2023,20,C,C23910020010,大规模创新类竞赛评审方案研究,大规模创新类竞赛评审方案研究,full-paper-pdf,https://github.com/zhanwen/MathModel/blob/master/%E5%9B%BD%E8%B5%9B%E8%AE%BA%E6%96%87/2023%E5%B9%B4%E4%BC%98%E7%A7%80%E8%AE%BA%E6%96%87/C/C23910020010.pdf,github.com,zhanwen/MathModel,master,C23910020010.pdf,3194081,57747f8e5facd8b21d7d3d7504d99eca210a05b1,一等奖,first,team-id-matched,https://github.com/lcpmgh/CPMCM-Awards/tree/master/awardlist,C23910020010,full-paper-core,2023-C,evaluation-decision,census-of-github-folder-crosschecked-against-award-csv,no,third-party mirror; do not redistribute; local cache only
2023-D23100060041,2023,20,D,D23100060041,区域双碳目标与路径规划研究,区域碳排放量影响因素分析及双碳目标分析.,full-paper-pdf,https://github.com/zhanwen/MathModel/blob/master/%E5%9B%BD%E8%B5%9B%E8%AE%BA%E6%96%87/2023%E5%B9%B4%E4%BC%98%E7%A7%80%E8%AE%BA%E6%96%87/D/D23100060041.pdf,github.com,zhanwen/MathModel,master,D23100060041.pdf,6202937,29cb875033197d8be8f4e04333f123988ae475fa,一等奖,first,team-id-matched,https://github.com/lcpmgh/CPMCM-Awards/tree/master/awardlist,D23100060041,full-paper-core,2023-D,policy-evaluation,census+stratified-4-per-year-letter-seed-20260829,yes,third-party mirror; do not redistribute; local cache only
2023-D23102690008,2023,20,D,D23102690008,区域双碳目标与路径规划研究,区域双碳目标与路径规划研究,full-paper-pdf,https://github.com/zhanwen/MathModel/blob/master/%E5%9B%BD%E8%B5%9B%E8%AE%BA%E6%96%87/2023%E5%B9%B4%E4%BC%98%E7%A7%80%E8%AE%BA%E6%96%87/D/D23102690008.pdf,github.com,zhanwen/MathModel,master,D23102690008.pdf,3984495,b54fca3c196f5b7bd294c10672df4bd20600bc51,一等奖,first,team-id-matched,https://github.com/lcpmgh/CPMCM-Awards/tree/master/awardlist,D23102690008,full-paper-core,2023-D,policy-evaluation,census-of-github-folder-crosschecked-against-award-csv,no,third-party mirror; do not redistribute; local cache only
2023-D23102860126,2023,20,D,D23102860126,区域双碳目标与路径规划研究,区域双碳目标与路径规划研究,full-paper-pdf,https://github.com/zhanwen/MathModel/blob/master/%E5%9B%BD%E8%B5%9B%E8%AE%BA%E6%96%87/2023%E5%B9%B4%E4%BC%98%E7%A7%80%E8%AE%BA%E6%96%87/D/D23102860126.pdf,github.com,zhanwen/MathModel,master,D23102860126.pdf,5612899,3379a65332b0f0c9776ee4b9d6905df61b5e503b,一等奖,first,team-id-matched,https://github.com/lcpmgh/CPMCM-Awards/tree/master/awardlist,D23102860126,full-paper-core,2023-D,policy-evaluation,census-of-github-folder-crosschecked-against-award-csv,no,third-party mirror; do not redistribute; local cache only
2023-D23103560099,2023,20,D,D23103560099,区域双碳目标与路径规划研究,基于碳排放时序分析的区域双碳目标与路径规划的研究,full-paper-pdf,https://github.com/zhanwen/MathModel/blob/master/%E5%9B%BD%E8%B5%9B%E8%AE%BA%E6%96%87/2023%E5%B9%B4%E4%BC%98%E7%A7%80%E8%AE%BA%E6%96%87/D/D23103560099.pdf,github.com,zhanwen/MathModel,master,D23103560099.pdf,5640462,60b6eba9584a70af8b040b11302025b5381397be,一等奖,first,team-id-matched,https://github.com/lcpmgh/CPMCM-Awards/tree/master/awardlist,D23103560099,full-paper-core,2023-D,policy-evaluation,census+stratified-4-per-year-letter-seed-20260829,yes,third-party mirror; do not redistribute; local cache only
2023-D23104860011,2023,20,D,D23104860011,区域双碳目标与路径规划研究,区域双碳目标与路径规划研究,full-paper-pdf,https://github.com/zhanwen/MathModel/blob/master/%E5%9B%BD%E8%B5%9B%E8%AE%BA%E6%96%87/2023%E5%B9%B4%E4%BC%98%E7%A7%80%E8%AE%BA%E6%96%87/D/D23104860011.pdf,github.com,zhanwen/MathModel,master,D23104860011.pdf,5798021,a30d001a854e96b8526789a0024d63016572c035,一等奖,first,team-id-matched,https://github.com/lcpmgh/CPMCM-Awards/tree/master/awardlist,D23104860011,full-paper-core,2023-D,policy-evaluation,census-of-github-folder-crosschecked-against-award-csv,no,third-party mirror; do not redistribute; local cache only
2023-D23105330094,2023,20,D,D23105330094,区域双碳目标与路径规划研究,双碳目标下基于 kaya-LMDI 模型的区域碳排放预测及路径设计,full-paper-pdf,https://github.com/zhanwen/MathModel/blob/master/%E5%9B%BD%E8%B5%9B%E8%AE%BA%E6%96%87/2023%E5%B9%B4%E4%BC%98%E7%A7%80%E8%AE%BA%E6%96%87/D/D23105330094.pdf,github.com,zhanwen/MathModel,master,D23105330094.pdf,7015611,c1a2b7f0e0710b87bdbc42e31a0aa3da985b4f02,一等奖,first,team-id-matched,https://github.com/lcpmgh/CPMCM-Awards/tree/master/awardlist,D23105330094,full-paper-core,2023-D,policy-evaluation,census+stratified-4-per-year-letter-seed-20260829,yes,third-party mirror; do not redistribute; local cache only
2023-D23106350004,2023,20,D,D23106350004,区域双碳目标与路径规划研究,基于区域双碳目标与路径规划的算法研究,full-paper-pdf,https://github.com/zhanwen/MathModel/blob/master/%E5%9B%BD%E8%B5%9B%E8%AE%BA%E6%96%87/2023%E5%B9%B4%E4%BC%98%E7%A7%80%E8%AE%BA%E6%96%87/D/D23106350004.pdf,github.com,zhanwen/MathModel,master,D23106350004.pdf,4705960,9d65179ba03906a625e3d1231bb88633a4956548,一等奖,first,team-id-matched,https://github.com/lcpmgh/CPMCM-Awards/tree/master/awardlist,D23106350004,full-paper-core,2023-D,policy-evaluation,census+stratified-4-per-year-letter-seed-20260829,yes,third-party mirror; do not redistribute; local cache only
2023-D23106740070,2023,20,D,D23106740070,区域双碳目标与路径规划研究,区域双碳目标与路径规划研究,full-paper-pdf,https://github.com/zhanwen/MathModel/blob/master/%E5%9B%BD%E8%B5%9B%E8%AE%BA%E6%96%87/2023%E5%B9%B4%E4%BC%98%E7%A7%80%E8%AE%BA%E6%96%87/D/D23106740070.pdf,github.com,zhanwen/MathModel,master,D23106740070.pdf,6432302,956ed1b10ca17d4af82009a59007b51cb94fdc4e,一等奖,first,team-id-matched,https://github.com/lcpmgh/CPMCM-Awards/tree/master/awardlist,D23106740070,full-paper-core,2023-D,policy-evaluation,census-of-github-folder-crosschecked-against-award-csv,no,third-party mirror; do not redistribute; local cache only
2023-D23116460172,2023,20,D,D23116460172,区域双碳目标与路径规划研究,区域双碳目标与路径规划研究,full-paper-pdf,https://github.com/zhanwen/MathModel/blob/master/%E5%9B%BD%E8%B5%9B%E8%AE%BA%E6%96%87/2023%E5%B9%B4%E4%BC%98%E7%A7%80%E8%AE%BA%E6%96%87/D/D23116460172.pdf,github.com,zhanwen/MathModel,master,D23116460172.pdf,2443732,1d7c538d79ef85454513faae868e27fd5da9e651,一等奖,first,team-id-matched,https://github.com/lcpmgh/CPMCM-Awards/tree/master/awardlist,D23116460172,full-paper-core,2023-D,policy-evaluation,census-of-github-folder-crosschecked-against-award-csv,no,third-party mirror; do not redistribute; local cache only
2023-E23100650012,2023,20,E,E23100650012,出血性脑卒中临床智能诊疗建模,出血性脑卒中临床智能诊疗建模,full-paper-pdf,https://github.com/zhanwen/MathModel/blob/master/%E5%9B%BD%E8%B5%9B%E8%AE%BA%E6%96%87/2023%E5%B9%B4%E4%BC%98%E7%A7%80%E8%AE%BA%E6%96%87/E/E23100650012.pdf,github.com,zhanwen/MathModel,master,E23100650012.pdf,5767144,84667bcdab434d1495c065b7230778fc662d7645,一等奖,first,team-id-matched,https://github.com/lcpmgh/CPMCM-Awards/tree/master/awardlist,E23100650012,full-paper-core,2023-E,prediction-diagnosis,census-of-github-folder-crosschecked-against-award-csv,no,third-party mirror; do not redistribute; local cache only
2023-E23102550019,2023,20,E,E23102550019,出血性脑卒中临床智能诊疗建模,出血性脑卒中临床智能诊疗建模,full-paper-pdf,https://github.com/zhanwen/MathModel/blob/master/%E5%9B%BD%E8%B5%9B%E8%AE%BA%E6%96%87/2023%E5%B9%B4%E4%BC%98%E7%A7%80%E8%AE%BA%E6%96%87/E/E23102550019.pdf,github.com,zhanwen/MathModel,master,E23102550019.pdf,10360788,ae4242edb470cfff1d710ce5ae374bd67f836e19,一等奖,first,team-id-matched,https://github.com/lcpmgh/CPMCM-Awards/tree/master/awardlist,E23102550019,full-paper-core,2023-E,prediction-diagnosis,census+stratified-4-per-year-letter-seed-20260829,yes,third-party mirror; do not redistribute; local cache only
2023-E23103530067,2023,20,E,E23103530067,出血性脑卒中临床智能诊疗建模,出血性脑卒中患者预后预测与治疗智能模型构建,full-paper-pdf,https://github.com/zhanwen/MathModel/blob/master/%E5%9B%BD%E8%B5%9B%E8%AE%BA%E6%96%87/2023%E5%B9%B4%E4%BC%98%E7%A7%80%E8%AE%BA%E6%96%87/E/E23103530067.pdf,github.com,zhanwen/MathModel,master,E23103530067.pdf,7149082,93b421652c067f132f184b66315f57eb3e8bb344,一等奖,first,team-id-matched,https://github.com/lcpmgh/CPMCM-Awards/tree/master/awardlist,E23103530067,full-paper-core,2023-E,prediction-diagnosis,census+stratified-4-per-year-letter-seed-20260829,yes,third-party mirror; do not redistribute; local cache only
2023-E23103570015,2023,20,E,E23103570015,出血性脑卒中临床智能诊疗建模,E _ 出血性脑卒中临床智能诊疗建模,full-paper-pdf,https://github.com/zhanwen/MathModel/blob/master/%E5%9B%BD%E8%B5%9B%E8%AE%BA%E6%96%87/2023%E5%B9%B4%E4%BC%98%E7%A7%80%E8%AE%BA%E6%96%87/E/E23103570015.pdf,github.com,zhanwen/MathModel,master,E23103570015.pdf,8126344,26d180e55e8f1d3b57b689a3f8841026675130a8,一等奖,first,team-id-matched,https://github.com/lcpmgh/CPMCM-Awards/tree/master/awardlist,E23103570015,full-paper-core,2023-E,prediction-diagnosis,census+stratified-4-per-year-letter-seed-20260829,yes,third-party mirror; do not redistribute; local cache only
2023-E23104030073,2023,20,E,E23104030073,出血性脑卒中临床智能诊疗建模,出血性脑卒中临床智能诊疗建模,full-paper-pdf,https://github.com/zhanwen/MathModel/blob/master/%E5%9B%BD%E8%B5%9B%E8%AE%BA%E6%96%87/2023%E5%B9%B4%E4%BC%98%E7%A7%80%E8%AE%BA%E6%96%87/E/E23104030073.pdf,github.com,zhanwen/MathModel,master,E23104030073.pdf,4828844,3f59c7d9ceafacebed61bf7196d1c26a35f1e8c8,一等奖,first,team-id-matched,https://github.com/lcpmgh/CPMCM-Awards/tree/master/awardlist,E23104030073,full-paper-core,2023-E,prediction-diagnosis,census-of-github-folder-crosschecked-against-award-csv,no,third-party mirror; do not redistribute; local cache only
2023-E23105330424,2023,20,E,E23105330424,出血性脑卒中临床智能诊疗建模,出血性脑卒中临床智能诊疗建模,full-paper-pdf,https://github.com/zhanwen/MathModel/blob/master/%E5%9B%BD%E8%B5%9B%E8%AE%BA%E6%96%87/2023%E5%B9%B4%E4%BC%98%E7%A7%80%E8%AE%BA%E6%96%87/E/E23105330424.pdf,github.com,zhanwen/MathModel,master,E23105330424.pdf,4613624,8cd3b1e38acd7ed2925b0dc4f37fb6caf662a60a,一等奖,first,team-id-matched,https://github.com/lcpmgh/CPMCM-Awards/tree/master/awardlist,E23105330424,full-paper-core,2023-E,prediction-diagnosis,census-of-github-folder-crosschecked-against-award-csv,no,third-party mirror; do not redistribute; local cache only
2023-E23106730076,2023,20,E,E23106730076,出血性脑卒中临床智能诊疗建模,出血性脑卒中临床智能诊疗建模,full-paper-pdf,https://github.com/zhanwen/MathModel/blob/master/%E5%9B%BD%E8%B5%9B%E8%AE%BA%E6%96%87/2023%E5%B9%B4%E4%BC%98%E7%A7%80%E8%AE%BA%E6%96%87/E/E23106730076.pdf,github.com,zhanwen/MathModel,master,E23106730076.pdf,6337896,bf9189097d66b7c7a5829d2788e60605ba40e37f,一等奖,first,team-id-matched,https://github.com/lcpmgh/CPMCM-Awards/tree/master/awardlist,E23106730076,full-paper-core,2023-E,prediction-diagnosis,census+stratified-4-per-year-letter-seed-20260829,yes,third-party mirror; do not redistribute; local cache only
2023-E23106980022,2023,20,E,E23106980022,出血性脑卒中临床智能诊疗建模,出血性脑卒中临床智能诊疗建模,full-paper-pdf,https://github.com/zhanwen/MathModel/blob/master/%E5%9B%BD%E8%B5%9B%E8%AE%BA%E6%96%87/2023%E5%B9%B4%E4%BC%98%E7%A7%80%E8%AE%BA%E6%96%87/E/E23106980022.pdf,github.com,zhanwen/MathModel,master,E23106980022.pdf,5902938,f289d204a586065c70911ba448bf1e61f0955c43,一等奖,first,team-id-matched,https://github.com/lcpmgh/CPMCM-Awards/tree/master/awardlist,E23106980022,full-paper-core,2023-E,prediction-diagnosis,census-of-github-folder-crosschecked-against-award-csv,no,third-party mirror; do not redistribute; local cache only
2023-E23107030070,2023,20,E,E23107030070,出血性脑卒中临床智能诊疗建模,出血性脑卒中临床智能诊疗建模,full-paper-pdf,https://github.com/zhanwen/MathModel/blob/master/%E5%9B%BD%E8%B5%9B%E8%AE%BA%E6%96%87/2023%E5%B9%B4%E4%BC%98%E7%A7%80%E8%AE%BA%E6%96%87/E/E23107030070.pdf,github.com,zhanwen/MathModel,master,E23107030070.pdf,4523029,790602a8d78b6fe45687eb2fd9fc025b54f67663,一等奖,first,team-id-matched,https://github.com/lcpmgh/CPMCM-Awards/tree/master/awardlist,E23107030070,full-paper-core,2023-E,prediction-diagnosis,census-of-github-folder-crosschecked-against-award-csv,no,third-party mirror; do not redistribute; local cache only
2023-E23900310014,2023,20,E,E23900310014,出血性脑卒中临床智能诊疗建模,出血性脑卒中临床智能诊疗建模,full-paper-pdf,https://github.com/zhanwen/MathModel/blob/master/%E5%9B%BD%E8%B5%9B%E8%AE%BA%E6%96%87/2023%E5%B9%B4%E4%BC%98%E7%A7%80%E8%AE%BA%E6%96%87/E/E23900310014.pdf,github.com,zhanwen/MathModel,master,E23900310014.pdf,3736296,2eb3c981a1627c6e8966683194bbdf55d1cb9f1f,一等奖,first,team-id-matched,https://github.com/lcpmgh/CPMCM-Awards/tree/master/awardlist,E23900310014,full-paper-core,2023-E,prediction-diagnosis,census-of-github-folder-crosschecked-against-award-csv,no,third-party mirror; do not redistribute; local cache only
2023-F23102520378,2023,20,F,F23102520378,强对流降水临近预报,强对流降水临近预报,full-paper-pdf,https://github.com/zhanwen/MathModel/blob/master/%E5%9B%BD%E8%B5%9B%E8%AE%BA%E6%96%87/2023%E5%B9%B4%E4%BC%98%E7%A7%80%E8%AE%BA%E6%96%87/F/F23102520378.pdf,github.com,zhanwen/MathModel,master,F23102520378.pdf,6625881,9e9760d194b90d4e00f4b28bf25fcfa8d2808ee3,一等奖,first,team-id-matched,https://github.com/lcpmgh/CPMCM-Awards/tree/master/awardlist,F23102520378,full-paper-core,2023-F,prediction-diagnosis,census+stratified-4-per-year-letter-seed-20260829,yes,third-party mirror; do not redistribute; local cache only
2023-F23102690048,2023,20,F,F23102690048,强对流降水临近预报,强对流降水临近预报,full-paper-pdf,https://github.com/zhanwen/MathModel/blob/master/%E5%9B%BD%E8%B5%9B%E8%AE%BA%E6%96%87/2023%E5%B9%B4%E4%BC%98%E7%A7%80%E8%AE%BA%E6%96%87/F/F23102690048.pdf,github.com,zhanwen/MathModel,master,F23102690048.pdf,15094234,7fae6155bd2bf9dbf2097870237ff5ca73e7c3c4,一等奖,first,team-id-matched,https://github.com/lcpmgh/CPMCM-Awards/tree/master/awardlist,F23102690048,full-paper-core,2023-F,prediction-diagnosis,census-of-github-folder-crosschecked-against-award-csv,no,third-party mirror; do not redistribute; local cache only
2023-F23102860072,2023,20,F,F23102860072,强对流降水临近预报,强对流降水临近预报,full-paper-pdf,https://github.com/zhanwen/MathModel/blob/master/%E5%9B%BD%E8%B5%9B%E8%AE%BA%E6%96%87/2023%E5%B9%B4%E4%BC%98%E7%A7%80%E8%AE%BA%E6%96%87/F/F23102860072.pdf,github.com,zhanwen/MathModel,master,F23102860072.pdf,34396942,3f0fec57fae6a0a6f8284f4df9079dc0738e64da,一等奖,first,team-id-matched,https://github.com/lcpmgh/CPMCM-Awards/tree/master/awardlist,F23102860072,full-paper-core,2023-F,prediction-diagnosis,census-of-github-folder-crosschecked-against-award-csv,no,third-party mirror; do not redistribute; local cache only
2023-F23103560002,2023,20,F,F23103560002,强对流降水临近预报,强对流降水临近预报,full-paper-pdf,https://github.com/zhanwen/MathModel/blob/master/%E5%9B%BD%E8%B5%9B%E8%AE%BA%E6%96%87/2023%E5%B9%B4%E4%BC%98%E7%A7%80%E8%AE%BA%E6%96%87/F/F23103560002.pdf,github.com,zhanwen/MathModel,master,F23103560002.pdf,3671768,a31ab44d3da2f8743310b7ffa183a3a48967470b,一等奖,first,team-id-matched,https://github.com/lcpmgh/CPMCM-Awards/tree/master/awardlist,F23103560002,full-paper-core,2023-F,prediction-diagnosis,census-of-github-folder-crosschecked-against-award-csv,no,third-party mirror; do not redistribute; local cache only
2023-F23104040152,2023,20,F,F23104040152,强对流降水临近预报,强对流降水临近预报,full-paper-pdf,https://github.com/zhanwen/MathModel/blob/master/%E5%9B%BD%E8%B5%9B%E8%AE%BA%E6%96%87/2023%E5%B9%B4%E4%BC%98%E7%A7%80%E8%AE%BA%E6%96%87/F/F23104040152.pdf,github.com,zhanwen/MathModel,master,F23104040152.pdf,17205542,72cc49b828e7bb6cc5086cb8f60680d357364771,一等奖,first,team-id-matched,https://github.com/lcpmgh/CPMCM-Awards/tree/master/awardlist,F23104040152,full-paper-core,2023-F,prediction-diagnosis,census-of-github-folder-crosschecked-against-award-csv,no,third-party mirror; do not redistribute; local cache only
2023-F23105550004,2023,20,F,F23105550004,强对流降水临近预报,基于多模型融合的 UNet 网络预报强对流降水,full-paper-pdf,https://github.com/zhanwen/MathModel/blob/master/%E5%9B%BD%E8%B5%9B%E8%AE%BA%E6%96%87/2023%E5%B9%B4%E4%BC%98%E7%A7%80%E8%AE%BA%E6%96%87/F/F23105550004.pdf,github.com,zhanwen/MathModel,master,F23105550004.pdf,3080300,b80d2d7e3e56ba86457d8effd57455bfe7fb2b2d,一等奖,first,team-id-matched,https://github.com/lcpmgh/CPMCM-Awards/tree/master/awardlist,F23105550004,full-paper-core,2023-F,prediction-diagnosis,census+stratified-4-per-year-letter-seed-20260829,yes,third-party mirror; do not redistribute; local cache only
2023-F23107010086,2023,20,F,F23107010086,强对流降水临近预报,强对流降水临近预报建模与优化 .,full-paper-pdf,https://github.com/zhanwen/MathModel/blob/master/%E5%9B%BD%E8%B5%9B%E8%AE%BA%E6%96%87/2023%E5%B9%B4%E4%BC%98%E7%A7%80%E8%AE%BA%E6%96%87/F/F23107010086.pdf,github.com,zhanwen/MathModel,master,F23107010086.pdf,6201200,50028bed70bae90adc8af1dd397efbf5576f2a22,一等奖,first,team-id-matched,https://github.com/lcpmgh/CPMCM-Awards/tree/master/awardlist,F23107010086,full-paper-core,2023-F,prediction-diagnosis,census+stratified-4-per-year-letter-seed-20260829,yes,third-party mirror; do not redistribute; local cache only
2023-F23107300013,2023,20,F,F23107300013,强对流降水临近预报,基于双偏振订正 NowcastNet 的短临降水估测研究,full-paper-pdf,https://github.com/zhanwen/MathModel/blob/master/%E5%9B%BD%E8%B5%9B%E8%AE%BA%E6%96%87/2023%E5%B9%B4%E4%BC%98%E7%A7%80%E8%AE%BA%E6%96%87/F/F23107300013.pdf,github.com,zhanwen/MathModel,master,F23107300013.pdf,5274972,dcf1aeefe19dcb3e559e0124e97c4d3d3fc6d635,一等奖,first,team-id-matched,https://github.com/lcpmgh/CPMCM-Awards/tree/master/awardlist,F23107300013,full-paper-core,2023-F,prediction-diagnosis,census+stratified-4-per-year-letter-seed-20260829,yes,third-party mirror; do not redistribute; local cache only
2023-F23910020015,2023,20,F,F23910020015,强对流降水临近预报,强对流降水临近预报,full-paper-pdf,https://github.com/zhanwen/MathModel/blob/master/%E5%9B%BD%E8%B5%9B%E8%AE%BA%E6%96%87/2023%E5%B9%B4%E4%BC%98%E7%A7%80%E8%AE%BA%E6%96%87/F/F23910020015.pdf,github.com,zhanwen/MathModel,master,F23910020015.pdf,4076303,6ad0c6d0be1c63263ec075d2782780b6e5444fdd,一等奖,first,team-id-matched,https://github.com/lcpmgh/CPMCM-Awards/tree/master/awardlist,F23910020015,full-paper-core,2023-F,prediction-diagnosis,census-of-github-folder-crosschecked-against-award-csv,no,third-party mirror; do not redistribute; local cache only
2023-F23910020096,2023,20,F,F23910020096,强对流降水临近预报,强对流降水临近预报,full-paper-pdf,https://github.com/zhanwen/MathModel/blob/master/%E5%9B%BD%E8%B5%9B%E8%AE%BA%E6%96%87/2023%E5%B9%B4%E4%BC%98%E7%A7%80%E8%AE%BA%E6%96%87/F/F23910020096.pdf,github.com,zhanwen/MathModel,master,F23910020096.pdf,5603283,363d33e6a4d591ba380bd7f9aaf1b04271367e81,一等奖,first,team-id-matched,https://github.com/lcpmgh/CPMCM-Awards/tree/master/awardlist,F23910020096,full-paper-core,2023-F,prediction-diagnosis,census-of-github-folder-crosschecked-against-award-csv,no,third-party mirror; do not redistribute; local cache only
2025-star-champion-niu,2025,22,C,,围岩裂隙精准识别与三维重构,围岩裂隙精准识别与三维重构,university-report,https://cese.cumt.edu.cn/info/1003/7411.htm,cese.cumt.edu.cn,,,,,,数模之星冠军,first,university-report-plus-official-closing-news,https://cpipc.acge.org.cn/cw/contestPrevious/detail/4/2c9080189e403095019e49ef61582f94?page=0,牛敏学/王聪/周缘,recency-report,2025-C,spatial-reconstruction,official-finalist-report-layer,yes,public university news; not a full paper
2024-star-champion-sdu,2024,21,C,,数据驱动下磁性元件的磁芯损耗建模,数据驱动下磁性元件的磁芯损耗建模,university-report,https://www.ygb.sdu.edu.cn/info/1013/18618.htm,ygb.sdu.edu.cn,,,,,,数模之星冠军,first,university-report,https://mp.weixin.qq.com/s/kbDDtxAI5DwurpDtvnYIyA,张良收/赵佳/王硕,recency-report,2024-C,prediction-diagnosis,official-finalist-report-layer,no,public university news; not a full paper
2024-star-runnerup-just,2024,21,C,,数据驱动下磁性元件的磁芯损耗建模,数据驱动下磁性元件的磁芯损耗建模,university-report,https://ygb.just.edu.cn/2025/0220/c8719a357928/page.htm,ygb.just.edu.cn,,,,,,数模之星亚军,first,university-report,https://cpipc.acge.org.cn/cw/hp/4,薛任煊/孙慧/周心仪,recency-report,2024-C,prediction-diagnosis,official-finalist-report-layer,no,public university news; not a full paper
2024-control-C24102910010,2024,21,C,C24102910010,数据驱动下磁性元件的磁芯损耗建模,数据驱动下磁性元件的磁芯损耗建模,full-paper-pdf,https://github.com/JunHuaBai96/Mathematical-Modeling/blob/main/%E7%AC%AC%E4%BA%8C%E5%8D%81%E4%B8%80%E5%B1%8A%E4%B8%AD%E5%9B%BD%E7%A0%94%E7%A9%B6%E7%94%9F%E6%95%B0%E5%AD%A6%E5%BB%BA%E6%A8%A1%E7%AB%9E%E8%B5%9B/C24102910010.pdf,github.com,JunHuaBai96/Mathematical-Modeling,main,C24102910010.pdf,,,成功参与奖,participation,team-id-matched,https://github.com/lcpmgh/CPMCM-Awards/blob/master/awardlist/2024.csv,C24102910010,lower-tier-control,2024-C,prediction-diagnosis,public-self-archive-control,no,author-posted paper; local cache only
2025-control-C25102910007,2025,22,C,C25102910007,围岩裂隙精准识别与三维重构,围岩裂隙的像素级智能识别与三维网络建模方法,full-paper-pdf,https://github.com/JunHuaBai96/Mathematical-Modeling/blob/main/%E2%80%9C%E5%8D%8E%E4%B8%BA%E6%9D%AF%E2%80%9D%E7%AC%AC%E4%BA%8C%E5%8D%81%E4%BA%8C%E5%B1%8A%E4%B8%AD%E5%9B%BD%E7%A0%94%E7%A9%B6%E7%94%9F%E6%95%B0%E5%AD%A6%E5%BB%BA%E6%A8%A1%E7%AB%9E%E8%B5%9B/C25102910007.pdf,github.com,JunHuaBai96/Mathematical-Modeling,main,C25102910007.pdf,,,二等奖,second,team-id-matched,https://github.com/lcpmgh/CPMCM-Awards/blob/master/awardlist/2025.csv,C25102910007,lower-tier-control,2025-C,spatial-reconstruction,public-self-archive-control,yes,author-posted paper; local cache only
2024-A24102940057,2024,21,A,A24102940057,风电场有功功率优化分配,中中国国研研究究生生创创新新实实践践系系列列大大赛赛,full-paper-pdf,D:\BaiduNetdiskDownload\2024年研究生数学建模竞赛优秀论文选\A\A24102940057.pdf,local-baidu,,,A24102940057.pdf,3177374,6dbfb9e08c3234f8f7e40e678912fd0d2f55ec0dd200e5e464ada6db4ca35be3,一等奖,first,team-id-matched,https://github.com/lcpmgh/CPMCM-Awards/tree/master/awardlist,A24102940057,full-paper-core,2024-A,optimization-scheduling,local-folder-crosschecked-against-award-csv,yes,third-party mirror; do not redistribute; local cache only
2024-A24103350007,2024,21,A,A24103350007,风电场有功功率优化分配,中国研究生创新实践系列大赛中国研究生创新实践系列大赛,full-paper-pdf,D:\BaiduNetdiskDownload\2024年研究生数学建模竞赛优秀论文选\A\A24103350007.pdf,local-baidu,,,A24103350007.pdf,20043836,7fe2813d94da5d72676dd6c8fe0ff6cfead155b8aeb67918be9269de1a0cab5e,一等奖,first,team-id-matched,https://github.com/lcpmgh/CPMCM-Awards/tree/master/awardlist,A24103350007,full-paper-core,2024-A,optimization-scheduling,local-folder-crosschecked-against-award-csv,yes,third-party mirror; do not redistribute; local cache only
2024-A24103530117,2024,21,A,A24103530117,风电场有功功率优化分配,中国研究生创新实践系列大赛,full-paper-pdf,D:\BaiduNetdiskDownload\2024年研究生数学建模竞赛优秀论文选\A\A24103530117.pdf,local-baidu,,,A24103530117.pdf,4234142,f6e0e476017750c9c13d03d1b103d32f32d74d2fe96feb40760c5b3bb3dff17c,一等奖,first,team-id-matched,https://github.com/lcpmgh/CPMCM-Awards/tree/master/awardlist,A24103530117,full-paper-core,2024-A,optimization-scheduling,local-folder-crosschecked-against-award-csv,no,third-party mirror; do not redistribute; local cache only
2024-A24107120016,2024,21,A,A24107120016,风电场有功功率优化分配,学 校 西北农林科技大学,full-paper-pdf,D:\BaiduNetdiskDownload\2024年研究生数学建模竞赛优秀论文选\A\A24107120016.pdf,local-baidu,,,A24107120016.pdf,8184115,daa73a15a67fe912cebe0948f9db9c2ad8e985032f55212eecd64393308ca9e6,一等奖,first,team-id-matched,https://github.com/lcpmgh/CPMCM-Awards/tree/master/awardlist,A24107120016,full-paper-core,2024-A,optimization-scheduling,local-folder-crosschecked-against-award-csv,no,third-party mirror; do not redistribute; local cache only
2024-B24102860287,2024,21,B,B24102860287,WLAN组网中网络吞吐量建模,中国研究生创新实践系列大赛,full-paper-pdf,D:\BaiduNetdiskDownload\2024年研究生数学建模竞赛优秀论文选\B\B24102860287.pdf,local-baidu,,,B24102860287.pdf,2785134,3e0fc95ca986458c90e024b55ad074660d419331f5b2feef26377e5e9abc5ee4,一等奖,first,team-id-matched,https://github.com/lcpmgh/CPMCM-Awards/tree/master/awardlist,B24102860287,full-paper-core,2024-B,signal-inverse,local-folder-crosschecked-against-award-csv,yes,third-party mirror; do not redistribute; local cache only
2024-B24103530099,2024,21,B,B24103530099,WLAN组网中网络吞吐量建模,中国研究生创新实践系列大赛,full-paper-pdf,D:\BaiduNetdiskDownload\2024年研究生数学建模竞赛优秀论文选\B\B24103530099.pdf,local-baidu,,,B24103530099.pdf,4962126,db528311404cb848e166fe9f837b20ebafab91f8b3ee6307677a8e7d56d09b1f,一等奖,first,team-id-matched,https://github.com/lcpmgh/CPMCM-Awards/tree/master/awardlist,B24103530099,full-paper-core,2024-B,signal-inverse,local-folder-crosschecked-against-award-csv,no,third-party mirror; do not redistribute; local cache only
2024-B24104760033,2024,21,B,B24104760033,WLAN组网中网络吞吐量建模,中中国国研研究究生生创创新新实实践践系系列列大大赛赛,full-paper-pdf,D:\BaiduNetdiskDownload\2024年研究生数学建模竞赛优秀论文选\B\B24104760033.pdf,local-baidu,,,B24104760033.pdf,5254610,4489b34abb9b14010c621a9804b2b8f69dace4d99afd86606a512513925bcdb3,一等奖,first,team-id-matched,https://github.com/lcpmgh/CPMCM-Awards/tree/master/awardlist,B24104760033,full-paper-core,2024-B,signal-inverse,local-folder-crosschecked-against-award-csv,yes,third-party mirror; do not redistribute; local cache only
2024-B24116640167,2024,21,B,B24116640167,WLAN组网中网络吞吐量建模,中国研究生创新实践系列大赛,full-paper-pdf,D:\BaiduNetdiskDownload\2024年研究生数学建模竞赛优秀论文选\B\B24116640167.pdf,local-baidu,,,B24116640167.pdf,6464110,26a34f2fa048e06f40e4d7981e25fc6f5f01067ceafc5e98af48916e4a51c637,一等奖,first,team-id-matched,https://github.com/lcpmgh/CPMCM-Awards/tree/master/awardlist,B24116640167,full-paper-core,2024-B,signal-inverse,local-folder-crosschecked-against-award-csv,no,third-party mirror; do not redistribute; local cache only
2024-C24102890089,2024,21,C,C24102890089,数据驱动下磁性元件的磁芯损耗建模,数据驱动下磁性元件的磁芯损耗建模,full-paper-pdf,D:\BaiduNetdiskDownload\2024年研究生数学建模竞赛优秀论文选\C\C24102890089.pdf,local-baidu,,,C24102890089.pdf,7576608,81f2b821a8f442cd0c94f067edd27c570e2d63ddbbcae3a7d92f1f573e410b48,一等奖,first,team-id-matched,https://github.com/lcpmgh/CPMCM-Awards/tree/master/awardlist,C24102890089,full-paper-core,2024-C,prediction-diagnosis,local-folder-crosschecked-against-award-csv,no,third-party mirror; do not redistribute; local cache only
2024-C24103860012,2024,21,C,C24103860012,数据驱动下磁性元件的磁芯损耗建模,学 校 福州大学,full-paper-pdf,D:\BaiduNetdiskDownload\2024年研究生数学建模竞赛优秀论文选\C\C24103860012.pdf,local-baidu,,,C24103860012.pdf,5362289,20aa9ecb0164fd4e11130590da00f8e0a22a1147dc43b1b85ba9aa4f951a56d3,一等奖,first,team-id-matched,https://github.com/lcpmgh/CPMCM-Awards/tree/master/awardlist,C24103860012,full-paper-core,2024-C,prediction-diagnosis,local-folder-crosschecked-against-award-csv,yes,third-party mirror; do not redistribute; local cache only
2024-C24104220149,2024,21,C,C24104220149,数据驱动下磁性元件的磁芯损耗建模,中国研究生创新实践系列大赛,full-paper-pdf,D:\BaiduNetdiskDownload\2024年研究生数学建模竞赛优秀论文选\C\C24104220149.pdf,local-baidu,,,C24104220149.pdf,3123287,382bde4b71f57eae705347767120aa58b2d993ae090d71cdf246d0e13d6bf871,一等奖,first,team-id-matched,https://github.com/lcpmgh/CPMCM-Awards/tree/master/awardlist,C24104220149,full-paper-core,2024-C,prediction-diagnosis,local-folder-crosschecked-against-award-csv,yes,third-party mirror; do not redistribute; local cache only
2024-C24106130096,2024,21,C,C24106130096,数据驱动下磁性元件的磁芯损耗建模,中中国国研研究究生生创创新新实实践践系系列列大大赛赛,full-paper-pdf,D:\BaiduNetdiskDownload\2024年研究生数学建模竞赛优秀论文选\C\C24106130096.pdf,local-baidu,,,C24106130096.pdf,7797202,2a817dbee1c712b58c164164eea329cec49d8c3f4233792b20d484e9ffd81626,一等奖,first,team-id-matched,https://github.com/lcpmgh/CPMCM-Awards/tree/master/awardlist,C24106130096,full-paper-core,2024-C,prediction-diagnosis,local-folder-crosschecked-against-award-csv,no,third-party mirror; do not redistribute; local cache only
2024-D24103850092,2024,21,D,D24103850092,大数据驱动的地理综合问题,中国研究生创新实践系列大赛中国研究生创新实践系列大赛,full-paper-pdf,D:\BaiduNetdiskDownload\2024年研究生数学建模竞赛优秀论文选\D\D24103850092.pdf,local-baidu,,,D24103850092.pdf,11677848,a8c55b50f7be97971dc0b5844952dcbdc6929c07f52f841c0d0add83bec7628d,一等奖,first,team-id-matched,https://github.com/lcpmgh/CPMCM-Awards/tree/master/awardlist,D24103850092,full-paper-core,2024-D,image-spatial,local-folder-crosschecked-against-award-csv,yes,third-party mirror; do not redistribute; local cache only
2024-D24104250063,2024,21,D,D24104250063,大数据驱动的地理综合问题,中国研究生创新实践系列大赛,full-paper-pdf,D:\BaiduNetdiskDownload\2024年研究生数学建模竞赛优秀论文选\D\D24104250063.pdf,local-baidu,,,D24104250063.pdf,5153839,6cb012383042874734f66f47f9287ae099adc7f81f9b89fa8f7657c747938020,一等奖,first,team-id-matched,https://github.com/lcpmgh/CPMCM-Awards/tree/master/awardlist,D24104250063,full-paper-core,2024-D,image-spatial,local-folder-crosschecked-against-award-csv,yes,third-party mirror; do not redistribute; local cache only
2024-D24104460003,2024,21,D,D24104460003,大数据驱动的地理综合问题,中国研究生创新实践系列大赛,full-paper-pdf,D:\BaiduNetdiskDownload\2024年研究生数学建模竞赛优秀论文选\D\D24104460003.pdf,local-baidu,,,D24104460003.pdf,16813103,01a6fe09f175de99159d78bdf8aa5997bc4564d85ae7f931f5715df5f2603db4,一等奖,first,team-id-matched,https://github.com/lcpmgh/CPMCM-Awards/tree/master/awardlist,D24104460003,full-paper-core,2024-D,image-spatial,local-folder-crosschecked-against-award-csv,no,third-party mirror; do not redistribute; local cache only
2024-D24106570027,2024,21,D,D24106570027,大数据驱动的地理综合问题,中国研究生创新实践系列大赛中国研究生创新实践系列大赛,full-paper-pdf,D:\BaiduNetdiskDownload\2024年研究生数学建模竞赛优秀论文选\D\D24106570027.pdf,local-baidu,,,D24106570027.pdf,19542685,7d86005f5321da9836ebb158952d8ad3eb65c9a1e73b7f6d4fe6c1d7fb9e67af,一等奖,first,team-id-matched,https://github.com/lcpmgh/CPMCM-Awards/tree/master/awardlist,D24106570027,full-paper-core,2024-D,image-spatial,local-folder-crosschecked-against-award-csv,no,third-party mirror; do not redistribute; local cache only
2024-E24101480006,2024,21,E,E24101480006,高速公路应急车道紧急启用模型,学 校 辽宁石油化工大学,full-paper-pdf,D:\BaiduNetdiskDownload\2024年研究生数学建模竞赛优秀论文选\E\E24101480006.pdf,local-baidu,,,E24101480006.pdf,27317024,84047e2dd922687d05f1ff326408c32dda51bc95ca1d1cd568ca8eac409ab9e4,一等奖,first,team-id-matched,https://github.com/lcpmgh/CPMCM-Awards/tree/master/awardlist,E24101480006,full-paper-core,2024-E,optimization-scheduling,local-folder-crosschecked-against-award-csv,yes,third-party mirror; do not redistribute; local cache only
2024-E24102870008,2024,21,E,E24102870008,高速公路应急车道紧急启用模型,中国研究生创新实践系列大赛,full-paper-pdf,D:\BaiduNetdiskDownload\2024年研究生数学建模竞赛优秀论文选\E\E24102870008.pdf,local-baidu,,,E24102870008.pdf,20478222,2e6f5daacb7ce9f16e11239545f4b2b3d7bdee97ebc0b28ff32d5a5db9d20e25,一等奖,first,team-id-matched,https://github.com/lcpmgh/CPMCM-Awards/tree/master/awardlist,E24102870008,full-paper-core,2024-E,optimization-scheduling,local-folder-crosschecked-against-award-csv,yes,third-party mirror; do not redistribute; local cache only
2024-E24102910005,2024,21,E,E24102910005,高速公路应急车道紧急启用模型,中国研究生创新实践系列大赛,full-paper-pdf,D:\BaiduNetdiskDownload\2024年研究生数学建模竞赛优秀论文选\E\E24102910005.pdf,local-baidu,,,E24102910005.pdf,5619324,7420d18869b74b8f8a5d036e57ac0fa7b3a94fc54313e1729bbd97e578cfe2cd,一等奖,first,team-id-matched,https://github.com/lcpmgh/CPMCM-Awards/tree/master/awardlist,E24102910005,full-paper-core,2024-E,optimization-scheduling,local-folder-crosschecked-against-award-csv,no,third-party mirror; do not redistribute; local cache only
2024-E24106980067,2024,21,E,E24106980067,高速公路应急车道紧急启用模型,中国研究生创新实践系列大赛,full-paper-pdf,D:\BaiduNetdiskDownload\2024年研究生数学建模竞赛优秀论文选\E\E24106980067.pdf,local-baidu,,,E24106980067.pdf,6053955,bedf322a5d2d3b75099112c0b670905eead989e7cc23905e7696dacaf432aafb,一等奖,first,team-id-matched,https://github.com/lcpmgh/CPMCM-Awards/tree/master/awardlist,E24106980067,full-paper-core,2024-E,optimization-scheduling,local-folder-crosschecked-against-award-csv,no,third-party mirror; do not redistribute; local cache only
2024-F24102870082,2024,21,F,F24102870082,X射线脉冲星光子到达时间建模,中中国国研研究究生生创创新新实实践践系系列列大大赛赛,full-paper-pdf,D:\BaiduNetdiskDownload\2024年研究生数学建模竞赛优秀论文选\F\F24102870082.pdf,local-baidu,,,F24102870082.pdf,2633382,71f0d1214c0790b5cbcdd45ad6c7712ea1fda01ea98b98f5e22f70e0ab987f9b,一等奖,first,team-id-matched,https://github.com/lcpmgh/CPMCM-Awards/tree/master/awardlist,F24102870082,full-paper-core,2024-F,signal-inverse,local-folder-crosschecked-against-award-csv,yes,third-party mirror; do not redistribute; local cache only
2024-F24103360083,2024,21,F,F24103360083,X射线脉冲星光子到达时间建模,中中国国研研究究生生创创新新实实践践系系列列大大赛赛,full-paper-pdf,D:\BaiduNetdiskDownload\2024年研究生数学建模竞赛优秀论文选\F\F24103360083.pdf,local-baidu,,,F24103360083.pdf,8036640,410992831699297bcc540a2c0b9048fa1187082dbbaae69383f8e7947c5248a4,一等奖,first,team-id-matched,https://github.com/lcpmgh/CPMCM-Awards/tree/master/awardlist,F24103360083,full-paper-core,2024-F,signal-inverse,local-folder-crosschecked-against-award-csv,no,third-party mirror; do not redistribute; local cache only
2024-F24104860143,2024,21,F,F24104860143,X射线脉冲星光子到达时间建模,中中国国研研究究生生创创新新实实践践系系列列大大赛赛,full-paper-pdf,D:\BaiduNetdiskDownload\2024年研究生数学建模竞赛优秀论文选\F\F24104860143.pdf,local-baidu,,,F24104860143.pdf,12256870,2a0e10467e2e7ae261e993758ba700217f845f1321a56be8ab8a40446e8a0136,一等奖,first,team-id-matched,https://github.com/lcpmgh/CPMCM-Awards/tree/master/awardlist,F24104860143,full-paper-core,2024-F,signal-inverse,local-folder-crosschecked-against-award-csv,no,third-party mirror; do not redistribute; local cache only
2024-F24910020063,2024,21,F,F24910020063,X射线脉冲星光子到达时间建模,学 校 国防科技大学,full-paper-pdf,D:\BaiduNetdiskDownload\2024年研究生数学建模竞赛优秀论文选\F\F24910020063.pdf,local-baidu,,,F24910020063.pdf,7596610,19377b63620d87cd6bbca526c7276857335f5bf99d30bed61e710f8bdb389125,一等奖,first,team-id-matched,https://github.com/lcpmgh/CPMCM-Awards/tree/master/awardlist,F24910020063,full-paper-core,2024-F,signal-inverse,local-folder-crosschecked-against-award-csv,yes,third-party mirror; do not redistribute; local cache only
